-- MySQL dump 10.13  Distrib 5.7.26, for Linux (x86_64)
--
-- Host: localhost    Database: ecommerce_manager
-- ------------------------------------------------------
-- Server version	5.7.26-0ubuntu0.18.04.1

/*!40101 SET @OLD_CHARACTER_SET_CLIENT=@@CHARACTER_SET_CLIENT */;
/*!40101 SET @OLD_CHARACTER_SET_RESULTS=@@CHARACTER_SET_RESULTS */;
/*!40101 SET @OLD_COLLATION_CONNECTION=@@COLLATION_CONNECTION */;
/*!40101 SET NAMES utf8 */;
/*!40103 SET @OLD_TIME_ZONE=@@TIME_ZONE */;
/*!40103 SET TIME_ZONE='+00:00' */;
/*!40014 SET @OLD_UNIQUE_CHECKS=@@UNIQUE_CHECKS, UNIQUE_CHECKS=0 */;
/*!40014 SET @OLD_FOREIGN_KEY_CHECKS=@@FOREIGN_KEY_CHECKS, FOREIGN_KEY_CHECKS=0 */;
/*!40101 SET @OLD_SQL_MODE=@@SQL_MODE, SQL_MODE='NO_AUTO_VALUE_ON_ZERO' */;
/*!40111 SET @OLD_SQL_NOTES=@@SQL_NOTES, SQL_NOTES=0 */;

--
-- Table structure for table `authentication`
--

DROP TABLE IF EXISTS `authentication`;
/*!40101 SET @saved_cs_client     = @@character_set_client */;
/*!40101 SET character_set_client = utf8 */;
CREATE TABLE `authentication` (
  `id` int(11) NOT NULL AUTO_INCREMENT,
  `token_string` varchar(100) CHARACTER SET utf8 DEFAULT NULL,
  `datetime_created` varchar(60) DEFAULT NULL,
  `user_id` int(11) NOT NULL,
  PRIMARY KEY (`id`),
  KEY `user_id` (`user_id`),
  CONSTRAINT `authentication_ibfk_1` FOREIGN KEY (`user_id`) REFERENCES `user` (`id`)
) ENGINE=InnoDB AUTO_INCREMENT=851 DEFAULT CHARSET=latin1;
/*!40101 SET character_set_client = @saved_cs_client */;

--
-- Dumping data for table `authentication`
--

LOCK TABLES `authentication` WRITE;
/*!40000 ALTER TABLE `authentication` DISABLE KEYS */;
INSERT INTO `authentication` VALUES (182,'095359b8-9771-45c5-a8b0-341b9b535163','06-6-2019 16:27:13',12),(183,'09e74fee-28f4-4482-88a5-b5a2290c28fd','06-6-2019 16:28:33',12),(184,'10b3e154-ecc1-44a6-b187-bc456578f205','06-6-2019 16:32:14',12),(185,'12a2b6b1-d60a-4abb-a107-0b4d2aea91d9','06-6-2019 16:35:53',12),(186,'6b232fd2-5daf-46ac-80af-4d1daedc8de4','06-6-2019 16:42:09',12),(187,'5d5f68f5-bac3-4fc1-866d-8feee3fe0978','06-6-2019 16:43:35',12),(188,'60facf80-414e-47c0-9531-9a994a781ee7','07-6-2019 24:03:48',12),(189,'b59a08f1-6b7a-4049-91d1-c0f6d5f5275f','07-6-2019 24:26:05',12),(190,'6ca87390-329b-4852-85ea-f5dce42cd77b','07-6-2019 24:27:26',12),(191,'645303ab-dcbf-4214-99fe-b23730fa69f0','07-6-2019 24:29:15',12),(192,'09bc8ce9-20fc-4cda-b544-9ccec9351e29','07-6-2019 24:31:37',12),(193,'eaed082a-bc0c-4171-96aa-dee51ecc873f','07-6-2019 24:33:04',12),(194,'9599b9bd-b377-4f77-b80b-429dc2e91eb2','07-6-2019 24:34:19',12),(195,'1cb8366f-73d0-42d0-8acc-bb4ae0ef98cb','07-6-2019 24:37:09',12),(196,'6668a54d-f127-48eb-8729-f379abc06641','07-6-2019 24:38:19',12),(197,'73a4b95e-f315-4756-948d-f49deea0a620','07-6-2019 24:38:43',12),(198,'a48c8fde-4333-465e-9760-490061947c3e','07-6-2019 24:40:43',12),(199,'54c77cfe-1e78-4664-8b06-bd4cdf43d25d','07-6-2019 24:42:14',12),(200,'bf1b4aaa-0139-4e35-a2ee-914504ad65f6','07-6-2019 24:44:13',12),(201,'7d02ca05-f85e-450f-b4a2-05519209f729','07-6-2019 24:46:09',12),(202,'498223ec-0e2c-4397-82b7-a898260a86f9','07-6-2019 24:47:58',12),(203,'3c4adda8-256b-4469-872b-10a4c3f3e87d','07-6-2019 24:52:31',12),(204,'bb2e073a-456a-4aaa-b993-ed41cb5350ad','07-6-2019 24:57:01',12),(205,'6bf1852d-b25a-403b-bcf5-cde61d93157d','07-6-2019 01:00:10',12),(206,'eba1e4ce-fb04-4d8f-8f14-174287a02dc8','07-6-2019 01:02:54',12),(207,'686dd2c8-49c5-476d-b666-0a0f9f6e2aef','07-6-2019 01:10:32',12),(208,'ffa43c24-aa55-4434-bd4a-29428f6f9468','07-6-2019 01:12:33',12),(209,'f9ae8dd6-ae2c-40ee-af6a-03fa875c0e80','07-6-2019 01:15:00',12),(210,'d2166408-9b74-42f0-b3c9-36c7fc579fb6','07-6-2019 01:28:58',12),(211,'b58116d7-0cf6-45c0-b3a3-9e5b2c0d9550','07-6-2019 01:30:36',12),(212,'a9dfa364-af75-46d1-b216-091db71ab4e3','07-6-2019 11:43:19',12),(213,'d4a59007-17fc-4d87-938e-50fd4593409e','07-6-2019 11:44:35',12),(214,'1f3f9619-9f9f-4d33-a5b2-666eb9c375ba','07-6-2019 11:49:33',12),(215,'97be971a-e4a0-4aec-b6e3-a1710a9947a8','07-6-2019 12:15:18',12),(216,'f474ea93-c739-48cc-ab6b-7995bc9f0b37','07-6-2019 12:31:00',12),(217,'381bed06-963f-4a79-8ffe-296254d780e8','07-6-2019 12:35:11',12),(218,'e0bf85cf-8adb-484a-9a9f-d53cce113794','07-6-2019 12:36:01',12),(219,'6b40cef6-41bd-429f-83cc-748d8e09fa0f','07-6-2019 12:40:03',12),(220,'d193ad41-3f38-4449-9467-e639b314d9a4','07-6-2019 12:41:48',12),(221,'1623777b-c89a-42eb-af6b-e6d0bfbc35b3','07-6-2019 12:43:58',12),(222,'da9bab51-bfd7-4b51-9dbb-9243a4935b37','07-6-2019 12:59:45',12),(223,'a84e12d8-351a-491f-9614-56094a51c25a','07-6-2019 13:00:36',12),(224,'48b33825-943f-4ce4-af68-fb55d6b375d3','07-6-2019 13:01:39',12),(225,'541ce46a-1ecd-4a31-810a-6a0ad755c6bf','07-6-2019 13:11:04',12),(226,'5f3d30c2-59cf-4b91-961d-56032f2d0683','07-6-2019 13:15:32',12),(227,'6ee49350-6314-4d13-b203-b718beaddb47','07-6-2019 13:21:44',12),(228,'b6b85a10-00c0-48fb-9b14-ff8f183547b3','07-6-2019 13:24:22',12),(229,'401c6601-9544-4c5d-900f-5d0d5ba192e8','07-6-2019 13:28:27',12),(230,'55a84a2d-3bd4-40a5-a4f0-9edcca7d6a4f','07-6-2019 13:30:36',12),(231,'ef572f6a-c10f-47cc-a25b-bd5d3fd333d0','07-6-2019 13:37:25',12),(232,'8ead7ab7-5d64-43fb-9dde-6d98fc2e8ab1','07-6-2019 13:39:13',12),(233,'6742e75f-debf-439e-ae43-8a39f82e2713','07-6-2019 14:21:36',12),(234,'0dec2ba3-cedc-4d1e-93b3-785d049e98bc','07-6-2019 14:26:21',12),(235,'f539637d-63a6-4786-be4b-644fcae3f4fb','07-6-2019 15:20:30',12),(236,'c9985702-a4e8-4f9c-bdb5-222d7a5b1bc7','07-6-2019 15:21:53',12),(237,'d87fb754-3b40-4850-8e76-5218d417eae1','07-6-2019 15:23:34',12),(238,'499d9005-7a74-405f-9e8d-f088e2409674','07-6-2019 15:24:22',12),(239,'82343c85-c34a-48f5-875b-3a45d68dc8a0','07-6-2019 15:31:58',12),(240,'f09043a4-f1ab-43fc-ad50-16927ff6adfe','07-6-2019 15:40:22',12),(241,'7320c052-19e2-4e17-8525-1e970aa1c986','07-6-2019 15:45:05',12),(242,'1e2d187c-ccbc-49de-98d3-68a398783c13','07-6-2019 15:48:23',12),(243,'cd0c84e4-6d48-4d8f-8acd-1968019360ae','07-6-2019 15:49:33',12),(244,'92d356ef-d6eb-47ff-a32d-76850da46335','07-6-2019 15:51:43',12),(245,'bcc2d749-b7f7-4b63-8958-7246e7f55448','07-6-2019 15:57:29',12),(246,'04d8349e-91a1-4ab4-8f31-779275ae69b1','07-6-2019 16:00:07',12),(247,'43a80b06-e7be-4afc-bdf5-ff15d460c96f','07-6-2019 16:00:49',12),(248,'32994c37-1bbd-46bb-bc36-1f7a8cff8984','07-6-2019 16:05:10',12),(249,'4ca96470-40cf-4ec2-9081-4cf7b3bb4065','07-6-2019 16:08:13',12),(250,'08c96d3d-b7a6-4169-a81d-68118e324a4f','07-6-2019 16:28:48',12),(251,'c03ac06c-e3e1-4690-b004-e3af78c9b537','07-6-2019 16:31:48',12),(252,'f397439c-156e-40be-bbb0-3a6f671e8d59','07-6-2019 16:33:49',12),(253,'ec8daf5e-f53b-4a29-88a6-853f4764ba09','07-6-2019 16:47:27',12),(254,'8dd82b28-0617-415a-8863-52a711950902','07-6-2019 17:35:10',12),(255,'327ce53b-4e2c-49c7-a133-fbebaf88449c','07-6-2019 17:49:08',12),(256,'4ce9d15b-b165-470d-9eb7-87e5dd599ea4','08-6-2019 11:05:06',12),(257,'c35f2dbb-b0c4-4edb-a1ca-4332bcead7f4','08-6-2019 11:08:42',12),(258,'539fd142-0dd6-43de-af2a-455ae2df156c','08-6-2019 11:12:53',12),(259,'b28bb599-774a-49f0-b6a3-c3ef5aa3da0e','08-6-2019 11:13:49',12),(260,'29e441fb-027b-4ebe-847b-a7fe1d144755','08-6-2019 11:17:13',12),(261,'459458c7-36ee-417e-896a-2dfb17c5e239','08-6-2019 11:19:05',12),(262,'33e9005a-ebdd-4f7f-bd94-569d02223bb2','08-6-2019 11:20:15',12),(263,'57be54ee-a6d0-4869-8fb4-2173ce032126','08-6-2019 11:21:45',12),(264,'7d5a76ff-7bfb-4b0c-ab45-8a35ce9c8396','08-6-2019 11:26:14',12),(265,'46f9fae9-13a7-4b67-b89d-295354ecf2b4','08-6-2019 11:27:38',12),(266,'1d8b154d-2427-4bdc-abdd-18e287f1bf92','08-6-2019 11:30:17',12),(267,'a313096c-0e09-47c3-a480-9589f999ad46','08-6-2019 11:31:23',12),(268,'3b253078-0b64-4c9b-83d7-4b3879f2c9b7','08-6-2019 11:32:05',12),(269,'8f8b1b74-f945-411d-8c0d-7a2a36f9912c','08-6-2019 11:33:02',12),(270,'999929b9-bd89-4dc7-89cd-30d9dc6e6367','08-6-2019 11:39:48',12),(271,'65ee3787-10c0-4c85-a549-6b04315fb553','08-6-2019 11:41:28',12),(272,'7de5e54d-9679-4667-81e3-b46670fb6682','08-6-2019 11:42:50',12),(273,'a5c1bb0f-861b-4dac-bd4b-db220bbdac97','08-6-2019 11:44:27',12),(274,'ca8907ce-2c35-4cba-a741-995bd3811542','08-6-2019 11:46:40',12),(275,'2fdf3388-fe7b-41a0-ad0a-dd0048c80f09','08-6-2019 12:00:41',12),(276,'1debc343-33d7-46cb-8460-552c2d2524c9','08-6-2019 12:02:52',12),(277,'83ca0107-3658-4111-b7b3-816a9cdf1ca9','08-6-2019 12:04:10',12),(278,'de3dae8e-d7c8-478f-957f-24607bbb6e4f','08-6-2019 12:05:17',12),(279,'205e3f2e-f504-4ef3-b740-f44d8d74d48c','08-6-2019 12:06:33',12),(280,'2ee80964-1540-4780-8940-ce3df81b124f','08-6-2019 12:21:08',12),(281,'395b0912-3e4b-4661-8682-d11b0dbd13b8','08-6-2019 12:22:29',12),(282,'2c85e757-d7e8-43b9-a27a-9cf44ecf2b20','08-6-2019 12:26:17',12),(283,'4b229a63-9da0-4135-8d5b-efa7df55d975','08-6-2019 12:27:33',12),(284,'b289515a-cdc6-4b50-8045-ca36cde7faf9','08-6-2019 12:31:13',12),(285,'c4d8bfa0-43a9-407e-aa4c-d19106d37cd6','08-6-2019 13:03:04',12),(286,'d2db8b24-bade-49aa-857b-0543d21f603a','08-6-2019 13:08:24',12),(287,'c783588b-e2a1-4fa3-826a-6113e31ef7cc','08-6-2019 13:09:33',12),(288,'553b2193-fb63-4def-872e-80446f532c13','08-6-2019 13:30:24',12),(289,'489ecaae-469d-4a08-adf9-4daa03f819be','08-6-2019 13:31:09',12),(290,'0d443b25-25b7-4d0e-a08b-264a462cf30f','08-6-2019 13:33:53',12),(291,'d33f64ce-1680-418c-9c70-81296bb0752e','08-6-2019 13:41:34',12),(292,'92313da2-11df-495c-b582-1abdcf4af143','08-6-2019 13:42:54',12),(293,'c56e13f4-20be-4f2e-a374-3e62d946a638','08-6-2019 13:44:31',12),(294,'84df6365-a661-4974-ac39-f27622212dcb','08-6-2019 13:47:51',12),(295,'f990afe5-72a6-49a1-8070-c8839013cc9c','08-6-2019 13:49:02',12),(296,'44652317-b263-4a51-86c6-e0edb3e6f8c1','08-6-2019 13:50:34',12),(297,'3541f321-e6d2-4965-ba97-1d696931c26a','08-6-2019 13:52:06',12),(298,'b1878bff-f1b0-4259-a3d8-8ae64a0ed236','08-6-2019 13:54:44',12),(299,'d9515009-7249-4d5b-8c99-0616d739a274','08-6-2019 13:55:46',12),(300,'b5d5d6ae-12cd-4ba5-976c-9ecadbb49d78','08-6-2019 14:10:54',12),(301,'8e212166-3ec3-48b3-85f8-124516f22246','08-6-2019 14:13:00',12),(302,'783b0dde-1073-4963-8260-01060f0b4dfa','08-6-2019 14:15:18',12),(303,'c6105000-1571-491d-b689-4853d95cfe1f','08-6-2019 14:17:33',12),(304,'ef221f55-d1cd-4597-9190-4edb98ecdbd4','08-6-2019 14:18:51',12),(305,'fae14ad8-9c72-4838-9177-13a1ef00122d','08-6-2019 14:21:48',12),(306,'24c843a6-0995-46f0-8597-716a370e85ca','08-6-2019 14:23:41',12),(307,'3263bf5a-54e1-422d-af5a-4d7fd0387b4a','08-6-2019 14:30:11',12),(308,'bbc75a2e-724c-4a89-bb28-94dd8c2c4a04','08-6-2019 14:36:58',12),(309,'4f180e65-5cd2-463e-ab60-4812c2a0faf7','08-6-2019 14:45:38',12),(310,'d9db7bfe-6f82-4b98-aa3e-db40f215538a','08-6-2019 14:50:59',12),(311,'98291a01-fe1e-40af-b99f-86d0af38beef','08-6-2019 14:56:30',12),(312,'2c260734-365c-4392-b651-bbcdaa1cf923','09-6-2019 16:47:23',12),(313,'be3aa304-8925-438f-ad0a-8bfa68545986','09-6-2019 16:49:13',12),(314,'e58c7942-6da3-4f2e-9593-8c054115739c','09-6-2019 16:59:38',12),(315,'381f3ddb-87a3-4145-a49b-618ffa57b23b','09-6-2019 17:04:58',12),(316,'70de3f93-f93e-4c1d-9a63-9e2d447f9985','09-6-2019 17:08:59',12),(317,'ba7378e5-773d-4979-8617-406b761e0cab','09-6-2019 17:25:28',12),(318,'b978c771-248d-47fa-8eaf-75a34eaae274','09-6-2019 17:37:32',12),(319,'88f9b51f-e6ee-47c4-9587-a313f700336a','09-6-2019 17:42:42',12),(320,'0fd50245-4231-4d10-8037-a1280c4165e4','09-6-2019 21:16:57',12),(321,'860231d7-6d64-41c2-a6f5-45d77bc67f01','09-6-2019 21:21:20',12),(322,'d3b53e1b-0a40-46e9-9c9a-45b3f26f9ec0','09-6-2019 21:21:35',12),(323,'a5c0ec9d-1b73-49a4-83eb-bee687e68cb1','09-6-2019 21:26:47',12),(324,'22056d15-27fa-45e3-bb2c-7b44aabd82b6','09-6-2019 21:27:53',12),(325,'0823fc9d-506b-43ec-a0df-c7ba44749e56','09-6-2019 21:29:14',12),(326,'f4ff724f-6276-4aae-b397-1bd22b051e01','09-6-2019 21:30:01',12),(327,'71e827ca-ca93-4b47-824c-0e6e707dbb47','09-6-2019 21:35:52',12),(328,'6d52f51d-8eff-4742-8c6c-25952f85c916','09-6-2019 21:41:17',12),(329,'b6a98701-22b7-4cb0-8c2b-62f04d927eb1','09-6-2019 21:53:19',12),(330,'5206661f-85c8-40eb-9d2f-1defa84552e4','09-6-2019 21:53:39',98),(331,'dfa57227-cbcd-45ed-91a8-158db5d01ca8','09-6-2019 21:55:02',98),(332,'a52c4932-cf47-42c7-b867-4424302abd2d','09-6-2019 21:55:25',98),(333,'7cc5b137-0c6e-49cc-9a68-d242967f0e0f','09-6-2019 21:56:51',12),(334,'c117387f-16df-4de4-8205-58451077cc22','09-6-2019 21:57:20',12),(335,'d8672d89-334b-4564-8435-f7caee5cb303','09-6-2019 21:59:58',12),(336,'e84143d1-3890-423d-b251-7fcbd13e60ba','09-6-2019 22:08:31',12),(337,'ed073f99-8579-4afe-8529-2a2310510773','09-6-2019 22:11:38',12),(338,'e10baa8a-03ee-416b-b72b-810f7f64d11d','09-6-2019 22:12:19',12),(339,'8ce8aa47-1004-41b6-8d8d-6fee656ad958','09-6-2019 22:18:32',12),(340,'f757f1b1-9e16-4145-b741-0120a800a83a','09-6-2019 22:18:53',82),(341,'2ae04fcf-6baa-4eb9-b9f7-8de91f04f40e','09-6-2019 22:24:21',82),(342,'8eedd629-8dba-41c5-a80a-b4f4575a7c70','09-6-2019 22:24:37',12),(343,'356ca7c5-5871-4d29-bdf9-6903eacfe2f9','09-6-2019 22:24:58',83),(344,'759a6501-8e34-49b3-8a9b-bcc08e5c8db1','09-6-2019 22:25:20',83),(345,'606fc9d7-c4b0-4346-af35-d928bb51d1ce','10-6-2019 10:45:57',12),(346,'a9c14917-f79d-4420-b5c4-282d949f85a7','10-6-2019 10:49:24',78),(347,'6bf6fac9-353b-43bf-9816-552340a9ed75','10-6-2019 10:49:47',78),(348,'c925ae1f-1e38-4da0-b375-5ebe98b47a2f','10-6-2019 10:49:58',12),(349,'d139c2f7-bff8-4597-92a1-77024f1c3f4b','10-6-2019 10:50:12',78),(350,'3887fb8b-51d7-40b3-bdff-a7302dd3f786','10-6-2019 10:51:54',12),(351,'02e03e2a-a9b3-45e0-9bbb-1353d2552b89','10-6-2019 10:54:57',12),(352,'89f87d15-9ffa-4df4-9711-93ac799c811c','10-6-2019 10:57:55',12),(353,'0b82c7ba-7366-4d8c-a850-aa6a970ebc53','10-6-2019 11:06:18',12),(354,'0a7126e6-e908-4e84-bf43-a5c813fcef54','10-6-2019 11:08:22',12),(355,'5797056c-b748-4077-95a0-e258f6be09ca','10-6-2019 11:12:53',12),(356,'7a9f69ec-6d0f-485f-a07e-70f4d1026fd7','10-6-2019 11:33:51',12),(357,'5b7a8c24-c7ae-492d-8f76-ae0240a3ff8e','10-6-2019 11:36:24',114),(358,'a64f131f-dbdc-47ef-94e1-fb32c9b0537a','10-6-2019 11:37:50',12),(359,'e71ca20e-2349-4f65-89d2-802dd51d4b1a','11-6-2019 13:42:07',12),(360,'4911b86a-9a88-48b4-8c29-aa4085944cc3','11-6-2019 14:58:53',12),(361,'72820c5e-7c55-4cdd-b2ff-6d85ccd768dc','11-6-2019 15:00:11',12),(362,'c62862c0-c541-4617-8fdb-cf787006c8d2','11-6-2019 15:04:43',12),(363,'79b8bad8-7cc8-4317-9dc5-46ed9f3721ee','11-6-2019 15:08:02',82),(364,'ed8098c1-52a0-4dde-a5bc-b57c21383ffb','11-6-2019 15:13:10',82),(365,'1400a9a7-6905-46a6-ad1a-f6c099aa6c13','11-6-2019 15:13:36',12),(366,'c43096b2-1aa0-4a2f-8fbf-6257c58b20aa','11-6-2019 15:14:21',82),(367,'4910bd43-b915-4cfd-83f2-de52121d3823','11-6-2019 15:14:53',82),(368,'c6e05bf8-71ef-4ede-b786-dee3f64a84d6','11-6-2019 15:15:35',12),(369,'821555cf-374d-4929-90c7-e5921bf7fce5','11-6-2019 15:15:45',82),(370,'c815af70-fc61-4086-a001-c4b89f28472c','11-6-2019 15:17:51',12),(371,'a9241905-93d8-431e-a052-94c547827994','11-6-2019 15:20:25',12),(372,'51ecb89b-c210-4cdc-a2d3-d1a84451b2c7','11-6-2019 15:37:49',12),(373,'6d89f8ba-cf78-4a73-823f-e2ac2581e9a6','11-6-2019 15:40:32',12),(374,'a1c1026d-394b-445c-9c8e-4557a8312521','11-6-2019 15:44:02',12),(375,'8308d950-26a2-4e23-ba9c-d6ecd69ddaef','11-6-2019 16:07:02',12),(376,'1cc7fd3c-de4d-4d12-8976-16191e2bbaab','11-6-2019 16:07:37',82),(377,'b10e5c22-352a-46c5-a46d-d65c2bfa5f80','11-6-2019 16:07:51',12),(378,'fe41dac1-e90a-4fc5-9623-1bc63ea2be39','11-6-2019 16:19:51',12),(379,'326120ed-e918-4bdf-831f-51a338e98fa7','11-6-2019 16:22:06',12),(380,'43876c37-de88-4272-a6c2-3f64facafcdd','11-6-2019 16:23:15',12),(381,'1778b8a1-cabc-4f63-aab8-01fbd5e4e97b','11-6-2019 16:25:29',12),(382,'ea3d9513-2981-4913-bc2e-810b17371a00','11-6-2019 16:27:28',12),(383,'48b265fb-d6a1-490d-96d7-75447c527c13','11-6-2019 16:28:10',82),(384,'90aa4ee6-d352-40d3-9c21-c5e431b65f3a','11-6-2019 16:29:50',12),(385,'36dcacba-ad3b-4534-a462-b36446cda256','11-6-2019 16:31:18',82),(386,'63ece3c2-4412-48f7-81c9-baa9e4b5ee13','11-6-2019 16:31:37',82),(387,'73cdaea5-a2d4-4d2a-878d-3103c4a8ef3d','11-6-2019 16:33:11',12),(388,'22c88031-bc1b-4d18-88b4-b13e74264bef','11-6-2019 16:33:34',82),(389,'bd17e212-713a-48a3-bde8-0db6b8e73da1','11-6-2019 16:33:52',82),(390,'d5761a79-d75c-4e49-be1e-ce174e599894','11-6-2019 16:34:46',82),(391,'86d8fa73-e135-4b0a-977b-5ae0e1f1e19c','11-6-2019 16:35:37',82),(392,'e56d1509-9bd2-4d04-8c4b-2d309da4fd81','11-6-2019 16:36:26',12),(393,'b6022e69-b820-4d08-a703-bbcca7fc97a5','11-6-2019 16:36:36',82),(394,'4ef20c73-7e34-4a48-90f8-ea29dea2218b','11-6-2019 16:37:27',82),(395,'0b70da89-3f8a-44e4-90bc-9494801ffe47','11-6-2019 16:38:29',82),(396,'ae83d0cc-9dea-4876-b5f7-7ff1a696dd85','11-6-2019 16:38:58',82),(397,'9d75781c-d8ed-4c15-9e6b-430c7820adb3','11-6-2019 16:41:15',82),(398,'3e50ccc4-bd3a-472d-b9c6-1517d158b73b','11-6-2019 16:41:51',82),(399,'8d3aa48b-b239-4633-8bcf-580b0676e46c','11-6-2019 16:43:48',82),(400,'81df1ea9-1ecc-444b-aadd-418bb5e9690c','11-6-2019 16:57:14',12),(401,'fa598651-1dee-42f2-a655-5b1d738157d4','11-6-2019 16:57:41',12),(402,'a86bf7b5-bc09-498a-bbf2-cf1a21bac560','11-6-2019 16:57:50',82),(403,'5239b6b3-55f7-467e-acac-79cb53274c8e','11-6-2019 16:59:32',12),(404,'92968d8f-21f8-4db4-a933-1c4ed8e9d917','11-6-2019 17:06:28',12),(405,'f909de0d-cf56-44af-9440-aa4b229eb549','12-6-2019 03:17:07',12),(406,'ab6b1d28-931a-47bb-932c-7bb5ddfb89fb','12-6-2019 03:19:17',12),(407,'c4c0a410-e0f4-4cc6-893b-831c08b07a94','12-6-2019 03:22:36',12),(408,'239cc540-f7a9-4956-a84e-07213cef4a23','12-6-2019 03:23:14',12),(409,'bf9433d6-45b1-4ba6-9563-eca86ea80029','12-6-2019 03:23:20',12),(410,'5d3812fc-0523-41bc-bec3-367fa0a02196','12-6-2019 03:23:23',12),(411,'40cacbf4-bfd6-4e03-bae8-8e0221185d5e','12-6-2019 03:24:22',12),(412,'0a4df80b-931b-4b85-99fc-fc0ccf0a0997','12-6-2019 03:25:53',12),(413,'49c785d8-7eb9-46fa-8a37-0638554b4122','12-6-2019 03:28:16',12),(414,'dbbb9014-576a-484a-8e77-abc4e2dc1b31','12-6-2019 03:29:33',12),(415,'f46a837e-804b-43b9-a158-653c717272bb','12-6-2019 03:32:48',12),(416,'a48fcdc4-ac85-4bf6-b3d2-67c7fd0d9be5','12-6-2019 03:34:40',12),(417,'264f9798-7425-4a56-bfce-d82f81865dc9','12-6-2019 03:35:17',12),(418,'55defcd8-8965-4f8c-800d-81e0f7b30af0','12-6-2019 03:44:12',12),(419,'3c34c2e6-5cf2-4ab7-b44e-b3b010d5a08c','12-6-2019 03:44:53',12),(420,'3cab6fd3-dd6b-41f8-994c-1ef22a0e5f6f','12-6-2019 03:47:49',12),(421,'5760b75c-d238-4b5d-95d1-ec481a6bf323','12-6-2019 03:48:38',12),(422,'584d3caf-e348-4aba-b4d0-351928836091','12-6-2019 03:50:27',12),(423,'08e1d6a6-4d9b-4ef4-a913-d94d753ba102','12-6-2019 09:13:19',12),(424,'d9eef7fe-5fe5-4a62-981a-9ed783fa4df2','12-6-2019 09:18:23',12),(425,'bbfe1cba-6042-4ced-820f-6b915133c015','12-6-2019 09:19:17',12),(426,'3c9cab97-7678-419c-bc4b-7e1e0b94ab1a','12-6-2019 09:53:12',12),(427,'6e162b47-bcef-47f4-814d-62d430b843f7','12-6-2019 09:55:34',12),(428,'8373efc8-2f8c-454a-b173-98b68484acde','12-6-2019 09:57:26',12),(429,'71eb320f-7e59-4d60-ba3c-7b4f0f74977d','12-6-2019 09:59:57',12),(430,'9f27671a-7ffe-4f8f-943c-793ece1a89f8','12-6-2019 09:59:58',12),(431,'c4ee5f6a-e974-4232-87b5-33656e1d3cb3','12-6-2019 13:33:55',12),(432,'1b9a1d4f-baf3-486a-8f56-0ad859e82f17','12-6-2019 13:34:14',12),(433,'8c5080aa-f5c8-444c-94b3-382fddbbf60c','12-6-2019 14:03:34',12),(434,'07d3401f-e7ca-4e96-8b57-c2baeb1f6345','12-6-2019 14:04:42',12),(435,'8ff5c6aa-a70b-406f-9d6e-536018780a59','12-6-2019 14:06:16',12),(436,'2aeabd16-6af8-4b28-9625-1169850dc08a','12-6-2019 14:06:16',12),(437,'ad6f83d6-2213-4239-bff0-fe54a23ad768','12-6-2019 14:11:44',12),(438,'2514764c-90fc-4ef7-ac93-328da017a2b5','12-6-2019 14:14:04',12),(439,'123dcbe4-9978-43d7-a410-659152fd18dc','12-6-2019 14:21:30',12),(440,'0d956c6f-61b1-4f3a-a31b-d3bf33bd1363','12-6-2019 14:23:04',12),(441,'e4dc27c9-37df-4f87-b525-9baf083f7332','12-6-2019 14:23:21',82),(442,'d56d654c-30f6-40b0-824b-b8335eecc89c','12-6-2019 14:23:35',12),(443,'d47fc87d-d7a3-4a27-a659-8fdac5a03342','12-6-2019 14:25:15',12),(444,'4f5ea7c4-6da9-4d9e-acb4-92999c0eae7c','12-6-2019 14:26:17',82),(445,'e775116a-4dab-4bd6-9479-436d98835ea6','12-6-2019 14:26:26',12),(446,'ec67a71d-8efe-408d-9c96-5ea78d1bdf53','12-6-2019 14:28:04',12),(447,'e7d35906-b81f-48b7-a198-313bc2524a06','12-6-2019 14:29:16',12),(448,'655465e6-5b0c-4102-8cad-ab8a3a03e590','12-6-2019 14:29:22',12),(449,'09226c2e-d820-48b6-bff3-c68e667163dc','12-6-2019 14:31:47',12),(450,'16b05532-1dbd-4e26-9042-684d3f93abc1','12-6-2019 22:32:58',12),(451,'b618f22a-4cef-4062-aaf9-ff363cd3864c','12-6-2019 22:45:04',12),(452,'301bebf0-51d6-4e65-b4cc-42c2c4b8f41c','12-6-2019 22:49:56',12),(453,'0eb12944-6475-46bf-8bd5-73b1286b7c72','12-6-2019 22:56:35',12),(454,'664f2984-21a8-459c-9a4b-60600241580b','12-6-2019 23:08:40',12),(455,'04b24d80-2b46-4b08-99aa-24531531fec4','13-6-2019 09:28:41',12),(456,'0135fcb4-b0cb-4298-910e-c070d0ebabf2','13-6-2019 09:38:49',12),(457,'5bea4da3-6653-4cd8-93fa-a1376a58b9fd','13-6-2019 09:38:51',12),(458,'4471d2a7-6f0a-4a72-aae9-e55e39c1a13f','13-6-2019 09:38:52',12),(459,'1a671e18-01f4-4d85-ae10-aa2cf01fde52','13-6-2019 09:38:52',12),(460,'0a13ab62-f9ac-4f8c-830a-3932d57bd409','13-6-2019 09:38:52',12),(461,'392e142c-2d4e-44f6-8e23-ae9fddfa6765','13-6-2019 09:38:52',12),(462,'b1f64a18-577d-4860-af7e-f10d1b2713c9','13-6-2019 09:38:56',12),(463,'fd79e2bc-e19a-431c-99d3-054bccc036a7','13-6-2019 09:39:06',12),(464,'3c9235f5-77f4-4c5a-b082-09224446d75a','13-6-2019 09:39:32',12),(465,'ea54d3d0-0a99-4c40-8411-e1c3f2c9f138','13-6-2019 09:39:32',12),(466,'b7e7d2c6-a84a-42ba-bc1b-5f482c8fe000','13-6-2019 09:39:32',12),(467,'872a3ac4-fb18-4f8b-ae52-94dee59362a7','13-6-2019 09:39:32',12),(468,'8d02b487-4606-47a4-b00d-4dfc89357770','13-6-2019 09:39:33',12),(469,'feed1206-0b1f-40b6-aaae-36cf633f6ea4','13-6-2019 09:39:33',12),(470,'6e17723e-a076-4717-859c-92dfa16507fd','13-6-2019 09:39:33',12),(471,'14e07e72-df29-4ee2-9c01-e8247e479572','13-6-2019 09:39:33',12),(472,'e8028f5c-b3ea-492e-bda5-61b1b6e16256','13-6-2019 09:39:34',12),(473,'40e8c3fd-64d2-4e1a-bb10-c38623a4978b','13-6-2019 09:39:40',12),(474,'8023f7cb-788b-4e99-a507-5d99ab881d27','13-6-2019 09:40:33',12),(475,'dd2b05a8-0300-442f-aa4a-521c0696b757','13-6-2019 09:40:51',12),(476,'fc600f25-b80a-4a3e-8a5e-da54704980d4','13-6-2019 09:40:56',12),(477,'a7c1255f-afaf-4b21-9ff3-316435423434','13-6-2019 09:40:56',12),(478,'c2e6f057-e22d-4a9e-b66b-7a7f6666f78c','13-6-2019 09:40:57',12),(479,'7bc6a4bf-e3a7-4609-9a75-fcdaa0d59ca2','13-6-2019 09:40:57',12),(480,'8ef30b2e-975b-44fa-955a-f79e3b0a1aa5','13-6-2019 09:40:57',12),(481,'d0643000-1734-40d5-99d5-5f4cf852fd84','13-6-2019 09:40:57',12),(482,'93c5cf9e-b8c0-44ef-bd3b-83f305733dd1','13-6-2019 09:40:57',12),(483,'aa90aac3-b046-4b73-9b9e-dec780a665fa','13-6-2019 09:45:38',12),(484,'a4ff77bd-3561-4dc9-8755-30ed1e57d30a','13-6-2019 09:45:49',12),(485,'b3d8fc06-be1f-4fed-bdd0-8eb9da947baf','13-6-2019 09:46:31',98),(486,'34566df1-6bae-4184-a16a-2b95b355a383','13-6-2019 09:47:52',98),(487,'13d10a8b-9448-481f-9bd6-3c2d8827e914','13-6-2019 09:47:53',98),(488,'4d0ccdcf-3bd0-4621-9906-936b7496f41f','13-6-2019 09:59:26',12),(489,'2d2663c0-dd80-4a26-aa5d-f2055b4d0441','13-6-2019 10:00:19',12),(490,'993384e7-b4d0-4956-a786-2c9c76270ea6','13-6-2019 10:00:25',12),(491,'e14bce67-b4ff-433c-8b20-96ce8d5316c6','13-6-2019 10:00:30',12),(492,'a0e737a8-5865-40b8-8918-698aad349d8e','13-6-2019 10:00:34',12),(493,'0a0179c7-399c-4865-b967-f377511579b6','13-6-2019 10:00:43',12),(494,'229bdcfc-1513-4951-89b8-204092c25e6e','13-6-2019 10:00:50',98),(495,'33039124-bb2c-429b-843f-bb5c180ad352','13-6-2019 10:00:53',12),(496,'c06e102b-9fb2-4bbe-b3fa-a5a908eb2ef4','13-6-2019 10:01:49',12),(497,'c0021f89-c384-4286-b12c-834ae54b7666','13-6-2019 10:02:58',12),(498,'0149736d-d5a5-44b5-9027-5e6fb9d2cfbe','13-6-2019 10:03:04',12),(499,'e91d8f74-11a0-432b-87b0-a4190605218c','13-6-2019 10:06:48',12),(500,'c52e7a93-b8c0-44e9-bef9-c31a851bbe1f','13-6-2019 10:12:43',12),(501,'bfcbb476-0f93-4009-9bd5-ec462ba3e29f','13-6-2019 10:17:12',98),(502,'a97bccca-5b99-40ef-90e9-340206a09426','13-6-2019 10:17:16',12),(503,'667cea8e-fc39-40ba-999c-4dadfd85bf8d','13-6-2019 10:32:23',12),(504,'f34921a4-81a0-4e3b-b4fb-b3c719b40f93','13-6-2019 10:32:24',12),(505,'588980f8-a309-4141-8b64-f91917b67659','13-6-2019 10:33:54',12),(506,'310447dc-0acc-47e6-9c91-0d8d7f0c10cf','13-6-2019 10:33:59',12),(507,'5a7e0c6a-4438-4a96-97e3-9c5ba67ad40b','13-6-2019 10:34:00',12),(508,'c22e563c-7980-4322-8698-5ea1c98b6e87','13-6-2019 10:34:00',12),(509,'35e44dcb-9836-4980-85b7-d34eae8f69d4','13-6-2019 10:34:01',12),(510,'fae6c534-7aa5-49dd-a297-d9a24999c8d0','13-6-2019 10:34:05',12),(511,'51005fee-73d5-492d-a580-01cd3569799c','13-6-2019 10:34:06',12),(512,'84d40653-e7c0-4468-9247-56c4ba6be7dd','13-6-2019 10:34:06',12),(513,'dcaa3b1a-cc90-43b8-860a-8bd37278b8b3','13-6-2019 10:34:06',12),(514,'9478f8b3-a03e-4edc-93bc-abad7219a991','13-6-2019 10:34:06',12),(515,'66afb1e3-8a85-43e6-a863-5bbde5a7e1ef','13-6-2019 10:34:07',12),(516,'fd5de495-eaf0-4066-8a8d-6a042c57a9de','13-6-2019 10:35:32',12),(517,'4b0c8cf5-33a2-465f-8e1c-c9e0221274a8','13-6-2019 10:35:32',12),(518,'63db46ef-a1d5-4d3b-a340-b82e1dff4d50','13-6-2019 10:35:32',12),(519,'9e6884ed-6957-450c-a4ca-b9bc0f2015a0','13-6-2019 10:35:32',12),(520,'42378340-7cb0-4ede-bb5d-b724f753f635','13-6-2019 10:35:33',12),(521,'1f869184-01db-4f03-81d2-142bd3e35e74','13-6-2019 10:35:33',12),(522,'e754634a-e9eb-4cee-9940-71d7eabb1545','13-6-2019 10:35:33',12),(523,'96479a62-155d-453e-b6bb-af9d98fa61cb','13-6-2019 10:35:33',12),(524,'b581d084-5f63-4186-a9bb-2c3abf0defc7','13-6-2019 10:35:35',12),(525,'6a16144f-9607-4eac-b6cd-f0e5254c83a1','13-6-2019 10:35:35',12),(526,'34fd5cb6-8766-40d4-b47b-3cecb82acbb2','13-6-2019 10:35:36',12),(527,'4307960b-1c3d-4c97-ace0-65724277e473','13-6-2019 10:35:36',12),(528,'d638823d-c7d1-4a47-81a8-405741f2a519','13-6-2019 10:35:42',12),(529,'26abfd0c-e665-4d49-a51d-862891938d26','13-6-2019 10:35:47',12),(530,'bce96f01-0a9a-447c-832f-02929584da4d','13-6-2019 10:36:21',12),(531,'6fde4b9f-1353-458d-a68c-229088728ee5','13-6-2019 10:38:13',12),(532,'e9d860cf-2a5b-4d67-849d-72abcf04999a','13-6-2019 10:38:18',12),(533,'37542802-ba33-4178-b0f1-178038581e0f','13-6-2019 10:38:24',12),(534,'bb661cf8-dac3-4fa8-870d-d0c3292afb2d','13-6-2019 10:40:08',12),(535,'7f69006b-c772-4768-94d8-734ac740e256','13-6-2019 10:41:04',12),(536,'310292ca-7c49-4f51-a493-8bf7da8a02b9','13-6-2019 10:41:42',12),(537,'75258bc7-e953-47ab-83a4-de83e53bf4db','13-6-2019 11:03:05',12),(538,'9d70f530-fb58-4016-9aea-05116ba63f49','13-6-2019 11:16:37',12),(539,'461f924f-5e67-48cf-bb6a-1ed2a7d464d6','13-6-2019 13:25:49',12),(540,'3abf0e3e-e7c2-4abd-92ab-c814e23ee4e8','13-6-2019 13:29:31',12),(541,'6618ef8c-e915-4da0-aa8e-b0dcf4ba8494','13-6-2019 14:08:03',12),(542,'1942328a-2947-4d75-b13e-dde7281b3eea','13-6-2019 14:08:21',12),(543,'3f65e109-b548-4309-8576-67007a9c8acb','13-6-2019 14:42:54',12),(544,'5dbe74be-7b61-4bac-b810-871b42de2878','13-6-2019 15:45:07',12),(545,'b8a51b81-62c4-441c-9e6a-79b91bc885ba','13-6-2019 15:49:21',12),(546,'4e686fa3-a287-4dc7-a7e4-081d5d7a09cd','13-6-2019 17:06:30',12),(547,'a039af3e-c82f-43b8-8cb7-974d70274157','13-6-2019 17:48:14',12),(548,'a06e518e-bb96-4089-bd3f-9729537aff29','14-6-2019 09:44:46',12),(549,'a2cd237a-94bc-4baa-a74b-7c7c0d7e6b87','14-6-2019 09:47:13',12),(550,'712be619-4f6d-4a15-915b-59a18ffd5a24','14-6-2019 10:02:09',12),(551,'863cc182-9df2-49b2-adb1-beff5b0904bb','14-6-2019 10:06:42',12),(552,'cc570eed-b572-4003-b4ec-c500f7b9d2a1','14-6-2019 10:07:04',12),(553,'6aa0138a-0c3a-45ef-906b-cb961ffb12e6','14-6-2019 10:09:44',12),(554,'e0d4a6f0-d206-4d75-a2bb-c063f9c21bd8','14-6-2019 10:34:23',12),(555,'11dc1b9c-dfa2-42b6-b265-9371a2ce51a8','14-6-2019 10:37:07',12),(556,'e6986651-8b6f-497b-8033-0750cd6a8778','14-6-2019 10:40:48',12),(557,'8569b91e-b5b7-45ee-9e93-c05fe0c024ac','14-6-2019 11:06:28',12),(558,'3007c66e-ed30-4512-ab06-0535712b5750','14-6-2019 11:09:51',12),(559,'e8c5140a-38d3-4b1c-91a5-da3fb63acc5f','14-6-2019 11:09:57',12),(560,'b68f3c91-e417-4a0a-a71d-2f9207342441','14-6-2019 11:26:31',12),(561,'064ba1e2-42a2-4388-9139-72d161a58e53','14-6-2019 11:28:30',12),(562,'82da8084-dba5-4531-beaa-4fa414049d8b','14-6-2019 11:30:16',12),(563,'8e490dd8-8bde-4b65-8ed6-87525b8ce849','14-6-2019 11:37:52',12),(564,'0bf1c1db-367c-4c47-8e37-11361ddadd93','14-6-2019 12:48:39',12),(565,'889ac501-fabc-4569-af91-f2b2ba28920a','14-6-2019 13:18:32',12),(566,'b474c922-4ebb-4deb-bd6a-cda758d7f92d','14-6-2019 13:40:05',12),(567,'4672998a-c6ad-4b76-86cb-b182438fb330','14-6-2019 14:00:38',12),(568,'aaed9292-74f8-4cef-b611-a589a93ba07d','14-6-2019 14:30:06',12),(569,'aa105897-6720-412b-a371-8f2397e0a541','14-6-2019 14:40:38',12),(570,'e5a86860-8865-4147-9ea5-bbb08b04a33d','14-6-2019 15:57:56',12),(571,'09a4f954-9590-4998-ab00-7a45c3f71f8b','14-6-2019 16:32:58',12),(572,'b4c37921-1a0b-483f-81d4-ea06acbcfa6b','14-6-2019 16:55:31',12),(573,'f07c2d79-b858-4e92-ad5f-2855607b6cc2','14-6-2019 17:25:10',12),(574,'cf22e83a-1038-41c7-9bc6-5bfacdb8ebf8','14-6-2019 17:40:54',12),(575,'2c28b83b-9b35-4c29-8779-7b12eaf2acfd','17-6-2019 09:11:09',12),(576,'5b069b2f-81cb-4e99-834c-9180f25cef2d','17-6-2019 09:31:50',12),(577,'840044f6-80e3-44b9-af69-d26d2ad55263','17-6-2019 09:42:40',12),(578,'7a1ac9fc-cbab-40cf-9356-559fe120094a','17-6-2019 09:42:40',12),(579,'39b9d17a-571c-46fc-94ff-fc974ae41230','17-6-2019 09:42:40',12),(580,'e35d1897-10a1-40b5-af2f-ca24e92bb639','17-6-2019 09:42:40',12),(581,'cc2e5dec-bd79-4b74-9da7-0409acfd7825','17-6-2019 09:42:40',12),(582,'f08b0290-0d8a-470d-b1e2-44a2dacadabc','17-6-2019 09:42:40',12),(583,'91311546-7c11-4a62-a39e-d0a257bb823b','17-6-2019 09:42:40',12),(584,'67558eec-d14f-4e0a-b567-a818aaef019b','17-6-2019 09:42:40',12),(585,'d04cec83-4d28-4e13-9229-0a8f4e73af80','17-6-2019 09:42:40',12),(586,'b1f7c70b-c0af-49bd-8f4b-eb1a3feabcc3','17-6-2019 09:42:40',12),(587,'5a9276ea-a5c3-4433-aeb8-281454776794','17-6-2019 09:42:40',12),(588,'4d2d0f1d-2220-4096-ac30-abd3904f8696','17-6-2019 09:42:40',12),(589,'f9b0cbf9-55a7-4dfc-a161-75c5111c2a97','17-6-2019 09:42:40',12),(590,'12908a43-47b4-40c7-9943-286a12243a2d','17-6-2019 09:42:40',12),(591,'2585f386-df83-43ca-90ff-bab107e6eba1','17-6-2019 09:42:40',12),(592,'ece41615-cf43-4036-aef4-3cfd888ab433','17-6-2019 09:42:40',12),(593,'ad5f3842-0289-4be4-b162-a7e76d8b92b6','17-6-2019 09:42:40',12),(594,'ae85a0af-c827-43ea-ab08-8ae7d11d3c0f','17-6-2019 09:42:40',12),(595,'c6e8825a-1d30-4d6c-8a93-acf1bd757ba8','17-6-2019 10:03:28',12),(596,'39f2556f-f4f3-4244-8161-4a02b32702ad','17-6-2019 10:09:01',12),(597,'b7c48d17-6726-4a30-a24e-9ac480e5e7e8','17-6-2019 10:28:02',12),(598,'a34beba2-637a-419e-8a31-7cbde8dc097e','17-6-2019 10:33:21',12),(599,'e5f64f43-86c9-41c7-8121-c8b7f6034ba9','17-6-2019 10:54:45',12),(600,'9d270206-154b-4743-a05e-d87c69ee2210','17-6-2019 10:56:50',12),(601,'812771a7-922c-40ce-b91f-5f7f88eb7a98','17-6-2019 11:12:00',12),(602,'560c4f75-a555-4a30-8596-d2aa7dfb16df','17-6-2019 11:12:17',12),(603,'eda5d909-e9ea-4eec-8f15-ff1c946513bf','17-6-2019 11:34:13',12),(604,'d8c94719-ede0-4e30-b48e-8d5c80a590df','17-6-2019 11:44:30',12),(605,'552e7fb5-657f-4b58-a356-f9ddb3c0222f','17-6-2019 13:28:12',12),(606,'4af8bdd9-0202-487d-9472-12f8ab77b829','17-6-2019 13:41:51',12),(607,'634567bf-e684-4f75-a467-fdd5e08277d8','17-6-2019 14:04:30',12),(608,'ca4e968d-fe75-443c-b738-adec390361bb','17-6-2019 14:04:46',12),(609,'3dddebcb-a9b1-4da3-9fca-d2cdd51c0cda','17-6-2019 14:05:50',12),(610,'338ebbc9-72d7-4668-acf9-58d6f9dd9d0e','17-6-2019 14:08:55',12),(611,'bba1b283-b626-4417-bd97-f1fa9a5eb814','17-6-2019 14:16:37',12),(612,'4362e01b-ce9e-455f-94d4-0f5aa4115bc5','17-6-2019 14:17:24',12),(613,'d375d76d-b3e1-48dc-9754-4b55d35e537b','17-6-2019 14:18:37',73),(614,'2a703d87-6e7c-4a5a-9ba3-3d3a46083fd4','17-6-2019 14:20:00',73),(615,'cd4bf8fc-b241-4a56-8f04-3a39ce3d6da4','17-6-2019 14:22:55',12),(616,'b9909735-966b-4df3-bce2-9f7a58e85e1a','17-6-2019 14:31:16',12),(617,'6e040693-a424-40d1-b942-fdce94db317a','18-6-2019 14:29:18',12),(618,'ee0f096b-e6a0-4ae2-be83-b526e44cc126','18-6-2019 14:38:01',12),(619,'15e00d99-5d18-4c4d-8ef8-9d0590de9ca5','18-6-2019 14:38:58',12),(620,'eda6e754-644b-43a0-8376-ed63e2943b99','19-6-2019 09:46:07',12),(621,'79eba376-38a3-48ec-89b9-7c8bf9818207','19-6-2019 10:08:51',12),(622,'43c56782-eac8-4254-ad3d-8e0032b068a4','19-6-2019 14:34:54',12),(623,'d6889982-30bd-4c60-bd50-0cd4b0885a38','19-6-2019 14:38:04',12),(624,'780beaae-186a-4eed-88a7-010363268296','19-6-2019 14:42:23',12),(625,'86dfa986-9520-429b-a23d-045a6e3a6cba','19-6-2019 14:55:48',12),(626,'7da716f6-e8a8-49ac-8f54-e8e6182c7d15','19-6-2019 16:22:23',12),(627,'8df8ee38-091e-46ba-922c-948dae93bae6','19-6-2019 16:38:45',12),(628,'eaec1cd4-7da7-4fdb-b617-b0da50abfba4','19-6-2019 17:15:12',12),(629,'60f1541f-2f6d-449f-8b9e-6dc39e4145b6','19-6-2019 17:28:02',12),(630,'ff914024-df3e-456c-bf7a-69dba2a21c9d','19-6-2019 17:33:10',12),(631,'ce472097-fa37-45f8-a29c-5659a9226ba3','20-6-2019 09:07:31',12),(632,'6794006c-cc30-4ea5-8026-450c83a2d104','20-6-2019 09:18:59',12),(633,'a751f53c-b125-4fc3-a79b-fab84e18e9e6','20-6-2019 09:24:56',12),(634,'47ef9f3f-0195-4c31-abb9-19815a855c11','20-6-2019 09:25:06',12),(635,'df3b29bd-3718-4ed4-a392-84d1841a2b18','20-6-2019 09:44:43',12),(636,'87bcacaf-9945-4952-be56-18752e9e3721','20-6-2019 09:46:00',12),(637,'525fe2ba-b750-47c2-b58b-608da8690292','20-6-2019 09:46:10',12),(638,'d5500d25-9e12-493b-acb1-76b266fd31d0','20-6-2019 09:51:25',12),(639,'9188afdb-9400-40dd-b07c-e09099500180','20-6-2019 09:51:30',12),(640,'6276fdf7-4abf-4827-92c5-0fcfb4d4cadc','20-6-2019 09:51:37',162),(641,'a1ad9248-a31d-4621-8af7-9c0362062c79','20-6-2019 09:52:15',162),(642,'b39d3402-3348-421f-adbd-d9b2db48f30e','20-6-2019 09:52:58',162),(643,'7e232715-d2f0-463c-bd40-ff5760de6440','20-6-2019 11:30:04',12),(644,'2fbefe21-2f9d-439d-a01c-039e96137031','20-6-2019 13:28:50',162),(645,'f794984d-d0eb-49a7-b8a0-35b5a61e4589','20-6-2019 16:06:56',162),(646,'105540ef-8fae-4f87-bb8c-f28519d6e53d','20-6-2019 16:13:49',12),(647,'c1a9eabb-bd68-44f7-a227-5b9668d854c9','20-6-2019 16:14:22',162),(648,'01249d92-4040-4416-9559-0c8068e8e74e','20-6-2019 16:21:34',162),(649,'cbe34833-cbb8-4b6a-a773-6ec87439039c','20-6-2019 17:13:20',162),(650,'88fa8796-4f0c-434f-9e7f-70f257840c82','20-6-2019 17:14:37',162),(651,'e796b9e1-06d5-4bba-981f-cc02532c70b3','20-6-2019 17:14:42',162),(652,'e3116c1a-82f5-4ef1-aa4f-333b30130e04','20-6-2019 17:18:19',162),(653,'fc98de44-4caf-484e-b680-24e338da6fd5','20-6-2019 17:20:50',162),(654,'ea8c9133-3d77-4f4a-b7d7-86b8887a186e','20-6-2019 17:46:34',162),(655,'bd5bef11-6fe6-4e7d-97f4-328869aa2800','20-6-2019 17:51:23',12),(656,'822c2d3e-f662-41aa-a185-350583e3a62f','21-6-2019 09:32:46',162),(657,'1f1fac94-3652-42f3-b2c9-498631658ad5','21-6-2019 14:23:38',12),(658,'009a7351-0eae-4ec4-b336-294d61e5ea4b','21-6-2019 14:25:32',162),(659,'1dd7da5d-fcff-422e-9220-05fc8eb6ada6','22-6-2019 22:00:08',162),(660,'67f51ee4-d93a-4287-9396-8205feb019e8','22-6-2019 22:39:27',162),(661,'557012dd-7f15-444c-beb0-4841d0ea7e1a','22-6-2019 22:39:36',162),(662,'5372bb95-e88a-495a-87b2-366b09aacb8b','24-6-2019 09:02:08',162),(663,'6ac364f1-f4b6-4337-bafc-54e0dfeffbc6','24-6-2019 09:22:38',162),(664,'e6f49514-0d71-40b4-94d1-cde803947a5b','24-6-2019 09:46:03',162),(665,'4b0bb34d-468e-48e6-99fa-92d9449243d5','24-6-2019 12:47:27',162),(666,'4e2f63f0-8808-44d0-9c50-0a85479869a8','24-6-2019 12:59:50',162),(667,'206cf53a-bbee-4f96-a469-04118e705594','24-6-2019 13:17:25',12),(668,'b3c3060a-a8e6-40af-87fe-dbd1a4df4d4a','24-6-2019 13:20:02',162),(669,'25f1df11-a9f9-4b24-9f76-39b4429609ed','24-6-2019 13:27:32',12),(670,'3e02d529-e5ea-4485-bd9a-249330430d78','24-6-2019 13:28:11',163),(671,'50dda9ac-65c3-4141-8134-2402fb6bc84e','24-6-2019 13:53:29',163),(672,'39c7cfb0-60c0-4341-8448-772b36f23100','24-6-2019 13:55:17',163),(673,'52be09d7-926c-4d29-ad05-5795daabb77e','24-6-2019 14:00:21',163),(674,'562d600a-4030-49a7-b848-0142d4d61821','24-6-2019 14:00:37',163),(675,'4881b69b-9fb3-4bc4-bf01-d7eca7ff827a','24-6-2019 14:02:39',163),(676,'f8c445e8-d996-4df8-ac53-21c5ed8c72b3','24-6-2019 14:03:30',163),(677,'06e954f3-ba08-4016-bda2-8d9689c1e01c','24-6-2019 14:04:40',162),(678,'1376dd36-e2dd-47af-98e9-12bfb112d6f6','24-6-2019 14:07:09',162),(679,'e625f387-8b11-4282-aef7-a18fcd3e0ff7','24-6-2019 14:08:15',12),(680,'f9d48472-3389-4de3-b643-1282a0421afc','24-6-2019 14:11:54',12),(681,'ae600a54-24d7-4882-9622-77c1b0adc107','24-6-2019 14:14:34',12),(682,'16f3b480-0aed-4c9c-997b-15dcaf40c37f','24-6-2019 14:18:33',162),(683,'5a0db759-16ad-4043-9cde-8b9e1159cbe5','25-6-2019 08:17:03',162),(684,'1d9893db-add3-441a-9d77-7a2ed4742708','25-6-2019 08:17:27',12),(685,'c5a724f2-45ab-4581-b91c-28e663c5d608','25-6-2019 16:51:01',162),(686,'344d4e22-83eb-4a2f-82d0-98ff0b70e6c8','26-6-2019 11:02:36',162),(687,'0137b624-1b9e-4400-96ea-0738a3bd842a','26-6-2019 11:03:23',12),(688,'bfcdfa0a-f197-4c3b-8d07-1da80ffe4658','26-6-2019 11:03:40',78),(689,'e2c8ff57-01a1-479b-86dd-4bd88a1f7c55','26-6-2019 11:05:07',78),(690,'29860449-f490-48a4-beda-6eee9c9ea680','26-6-2019 14:20:57',78),(691,'5a8a7c45-19ad-4bc8-b88a-3e235fddd8dd','26-6-2019 15:09:53',78),(692,'11845e7e-85d9-42dc-9025-b2c409517ede','26-6-2019 15:23:39',78),(693,'0ae4970b-4afd-4cf4-8cc3-84b5480582bb','26-6-2019 15:24:03',12),(694,'c0c283ab-eebd-4d6b-a2d3-e03cc87cb56e','26-6-2019 15:26:26',78),(695,'543f129d-4513-45b8-91c8-0972089a0ca2','26-6-2019 15:27:22',12),(696,'f44c0e71-33e1-44c9-b72a-d7a550dc8eb8','26-6-2019 15:31:09',78),(697,'8f42764e-d3d2-4403-b2b3-e8c29019e0ea','26-6-2019 15:32:06',12),(698,'0b5ed344-7656-44c1-a4b0-5e2ca4777f0c','26-6-2019 15:50:20',78),(699,'d7fa5377-f70f-4c1e-9fce-264e5f820e68','26-6-2019 15:50:20',78),(700,'e4df3ef4-f282-4f72-bacf-379348464fc4','26-6-2019 15:50:20',78),(701,'af3d672a-dd65-4112-8982-d88ea2e8e6d6','26-6-2019 15:56:46',12),(702,'24e8bcbb-ecb0-422b-b85e-ce3142668ae6','26-6-2019 15:58:56',162),(703,'6393c910-31e3-4601-923d-b34fd4400457','26-6-2019 16:00:36',78),(704,'8708024b-1404-4130-97d3-269300316bc0','26-6-2019 16:00:42',12),(705,'1026c74a-3fb8-4f62-b8a5-a430858a125d','26-6-2019 16:05:49',12),(706,'773c2572-186b-492d-8e46-9477fc966977','26-6-2019 16:17:02',78),(707,'b634e4c8-7d8c-4ec3-bc34-55033840773d','26-6-2019 16:17:40',12),(708,'00b2c22b-f660-4d41-aac9-91405c1c449a','26-6-2019 16:18:51',78),(709,'844d10b6-e154-43de-b6db-e8063c476930','26-6-2019 16:36:20',12),(710,'e619ac59-0036-4c6c-85ce-2868418223f8','26-6-2019 17:00:34',78),(711,'f648cc85-dcc0-40c0-9c8c-b7feed660d00','26-6-2019 17:03:27',12),(712,'be07292d-c603-44b2-9a85-0787c163d054','27-6-2019 09:29:07',78),(713,'af9643c3-053f-48fe-a397-10055be58272','27-6-2019 09:32:11',78),(714,'97f584f8-b43a-4bc2-8052-660b81036be1','27-6-2019 09:32:33',12),(715,'2404e65a-c060-4205-985e-6086ac878cf2','27-6-2019 09:38:10',12),(716,'53537684-92e5-4316-9462-70daf075c3d7','27-6-2019 09:45:37',12),(717,'82dcb11d-98e0-4abb-8f29-ae0c8e05f232','27-6-2019 10:05:26',12),(718,'25a9902d-799e-4b00-98ed-c3e7a78236a3','27-6-2019 10:06:57',12),(719,'12712b4d-70f8-4dbd-a2a4-be5a3c6a31b5','27-6-2019 10:11:19',12),(720,'4ba85e32-49f4-4f8d-af9b-4c4affba50e3','27-6-2019 10:32:35',78),(721,'f6cf69ea-43fb-4e3a-b9b2-04c6e1796f64','27-6-2019 10:33:50',12),(722,'88a90ddc-ef05-4a47-9b15-389bf0df182f','27-6-2019 10:39:39',12),(723,'79bbed0d-59fe-4fbc-8382-73a827b63377','27-6-2019 10:52:38',12),(724,'a20e9d35-babc-4ead-9659-89cbcbfa4899','27-6-2019 10:57:38',78),(725,'6272b396-7cfd-4883-8588-4f7ad3fcce5c','27-6-2019 10:58:21',162),(726,'8cadb5d4-cf1a-459d-9528-b0cb47b3b2d2','27-6-2019 10:59:22',12),(727,'1abf2370-0ecf-470a-8627-48afd9169e61','27-6-2019 11:03:08',78),(728,'28c79cad-afd8-4bb3-b003-a9ad5db38c1b','27-6-2019 11:03:30',12),(729,'42098437-f1f5-4b4b-a043-009d15dc42b7','27-6-2019 12:27:50',12),(730,'c4517da2-5802-45b7-9fa0-5e8c48bc2769','27-6-2019 12:32:12',12),(731,'eab0b7ee-6df2-49c3-b255-8a6a6a7fa66f','27-6-2019 12:37:06',12),(732,'b0622b3d-bb4e-4e87-bb05-12483eeb248f','27-6-2019 12:50:41',78),(733,'a4e73553-3508-4d57-8e3f-10ab92d121f2','27-6-2019 12:51:17',12),(734,'292f8e63-6f5e-416c-b6a9-e792e48c7e93','27-6-2019 12:51:56',78),(735,'867be63a-1182-494d-af41-67986cc8eb36','27-6-2019 12:52:11',12),(736,'da3fd5f7-3dcd-43a4-abbc-f571ea5b9572','27-6-2019 13:19:06',78),(737,'e73b78c2-9da5-4f62-8335-0ea397343bd7','27-6-2019 13:19:29',12),(738,'de5b0761-314f-4d5a-beb1-17373ea67844','27-6-2019 14:31:51',78),(739,'09f69ae3-3107-4dca-867a-ab616d21704a','27-6-2019 14:32:40',12),(740,'ab1d306c-9d00-4c62-bce8-35a76472dc54','27-6-2019 15:06:15',78),(741,'94909eb2-5957-450d-91f8-62eeb83bef1e','27-6-2019 15:19:52',12),(742,'4000953a-54b3-4401-8483-c4f618018449','27-6-2019 15:21:34',78),(743,'b5741d4a-8a55-4fee-b6b7-1dd943e17b1d','27-6-2019 15:25:12',12),(744,'0a926ae6-fd5f-4436-9000-8bb50929418f','27-6-2019 15:26:30',78),(745,'262c800f-ec58-4e35-ba31-f34adf8cd4da','27-6-2019 15:26:54',12),(746,'311a1eed-fba9-41d3-a449-73e852a7a02e','27-6-2019 15:28:58',78),(747,'78147ad2-9dd4-4769-8143-825aafaaec6a','27-6-2019 15:31:37',12),(748,'d080a688-231d-421c-8d2f-539086da186f','27-6-2019 15:32:57',78),(749,'c16d27a8-ac9d-4a70-a3d7-815bbbc2996c','27-6-2019 15:37:24',12),(750,'607be25d-e72d-4941-ad00-cc0260342d56','27-6-2019 15:38:35',78),(751,'bedc4cbf-b9c9-4f73-8875-a32acb18f403','27-6-2019 15:42:55',12),(752,'e42a0133-a09c-409b-a55e-de9b8f57e5f1','27-6-2019 15:50:49',12),(753,'63166f87-5e06-41ae-b6fd-4d06f7ed3cf9','27-6-2019 15:52:54',78),(754,'c9a5e47d-a44d-404a-8c5e-ad17cc8886b6','27-6-2019 15:53:12',12),(755,'ef7b5c07-e7d2-4bc2-b9b2-34a4b6035fc2','27-6-2019 16:05:27',12),(756,'5fbdf8b7-3db6-4801-be97-795332fc57f4','27-6-2019 16:08:46',78),(757,'90721454-f01d-4b42-a757-058741bff570','27-6-2019 16:17:22',12),(758,'963fbe4f-f880-4191-a9a9-f1085d7c7f55','27-6-2019 16:33:00',78),(759,'6935d94f-b23e-48bf-b6c4-157a3ddd6420','27-6-2019 16:33:32',12),(760,'88dfe98e-06e4-470f-aab1-97b5dd1aa741','27-6-2019 16:37:12',78),(761,'32f22535-e585-4b72-abaa-bf68227a9df0','27-6-2019 16:37:24',78),(762,'3fce3aea-0b49-435d-82ae-af6e6c4e0af1','27-6-2019 16:37:53',12),(763,'0209f4ef-b325-4cb6-87e9-2ffe3c67c643','27-6-2019 16:38:15',78),(764,'6aff508f-2289-45d0-afb2-c6eff0f04c3e','27-6-2019 16:40:13',78),(765,'2aec2d32-9075-43f4-9590-69b4403266ff','27-6-2019 16:44:22',78),(766,'8b15b630-5e3d-40e6-8e8b-ee0d764fdc4b','27-6-2019 16:52:50',78),(767,'91011aac-e86d-4a65-8c65-e595371bc72e','27-6-2019 16:59:20',12),(768,'74cb58f0-ed3a-457a-bd32-fc1bc8b20849','27-6-2019 17:04:03',12),(769,'7495c28c-f8a4-4dfe-90d6-3250a7b8cfb3','27-6-2019 17:16:16',78),(770,'a2f8bff4-8150-4fa8-aef7-c958ea7db630','27-6-2019 17:19:43',12),(771,'687f98cf-647f-4284-aed5-6c60ba65f826','27-6-2019 17:20:16',78),(772,'6a744fc0-b266-4288-9359-daed7c7ff8d6','27-6-2019 17:23:08',12),(773,'cb1a60ea-68d0-442e-8bea-422c32924897','27-6-2019 17:23:46',12),(774,'cff2755d-7daf-470a-ad54-fee2255c7fe3','27-6-2019 21:16:42',78),(775,'7cd826b7-b621-4896-ad93-d62453898cb5','28-6-2019 01:32:39',78),(776,'b2db5dbf-99f6-4c71-ac62-9ac1bdcf763f','28-6-2019 09:07:20',78),(777,'64f2e2a3-238d-4339-9050-1fcd1c278851','28-6-2019 09:09:33',78),(778,'1757350e-1bce-4e7c-9c5b-64f632a53998','28-6-2019 09:10:14',78),(779,'dc900fa4-a39f-4a5d-bf7f-74c86b555f5b','28-6-2019 09:10:24',78),(780,'fc368d9e-016e-4653-b1fb-351187609266','28-6-2019 09:11:25',78),(781,'a66e38ee-2f44-4a2b-a07f-e6d8e28467cd','28-6-2019 09:12:04',78),(782,'cbd2ca38-9a9f-470a-8e5b-814b751d3f76','28-6-2019 09:23:31',78),(783,'135b1c48-790f-4b96-af38-a94c196b1636','28-6-2019 09:25:49',78),(784,'0a45133f-865d-4c8f-9625-d65fade17069','28-6-2019 09:26:25',78),(785,'ac5db5f2-2b1c-4c01-a4ed-38d1c0f53cde','28-6-2019 09:26:58',78),(786,'6ed91a27-a219-4512-9bb3-f2107f5d8a16','28-6-2019 09:27:47',78),(787,'cf065a4d-d8da-418c-b1cc-dfd54cfdc531','28-6-2019 11:06:47',12),(788,'b0742503-c0da-4472-9b5d-e6b47d90e2c1','28-6-2019 11:08:18',78),(789,'e47025b8-fea8-40e7-ab59-843073378999','28-6-2019 11:10:34',12),(790,'a98fb852-730e-4957-b58f-166a56bc777c','28-6-2019 11:12:13',78),(791,'ce2ab484-ddfa-45d1-9d7d-77cb6c4a8828','28-6-2019 11:13:00',78),(792,'91d90272-ce2e-4621-85a6-3d23b7c23e76','28-6-2019 11:13:47',78),(793,'3e774307-b559-4cbe-87ce-46f02c76025f','28-6-2019 11:13:57',12),(794,'97e2af5c-9f24-47d1-883a-7eb224b9f1c1','28-6-2019 11:17:59',12),(795,'a3ef1777-ec47-47bd-9479-32822233a5a8','28-6-2019 11:20:58',12),(796,'769e9147-4740-4f0c-9300-9d8cca90b409','28-6-2019 11:21:48',12),(797,'d4088aa6-f017-4faa-9f2b-dd2100df2ecb','28-6-2019 11:27:38',12),(798,'5d92ac7f-b66b-4406-8909-2d0a4f50585a','28-6-2019 11:29:51',12),(799,'747c7798-8c01-47d5-bdc9-30ebb4f82d0a','28-6-2019 11:31:37',12),(800,'c6828fb4-f65d-41d1-8773-48eb22ecb32d','28-6-2019 12:44:37',78),(801,'23548e60-cb3a-4098-8b62-4ab97c2a5a26','28-6-2019 12:51:58',12),(802,'49640f25-bec5-4f72-b6ba-4ac52d808ef0','28-6-2019 12:52:14',78),(803,'48298f59-610d-41a7-bf09-55943143da0e','28-6-2019 12:52:40',12),(804,'ee2eb087-9aab-4e36-bd36-7e5caf467be8','28-6-2019 12:56:35',12),(805,'bb97ce43-961e-4189-aa69-533603aa63f9','28-6-2019 13:15:53',12),(806,'755bc77c-03fe-4486-82cf-e2c86808ebd0','28-6-2019 13:31:02',12),(807,'9e57f0ff-6f37-4b29-8b8a-12204244de47','28-6-2019 13:31:28',12),(808,'51998963-ffe8-481b-9e16-af68700b1859','28-6-2019 13:56:26',12),(809,'07cf01a2-f893-4568-be2a-ab7155e53eb7','28-6-2019 13:56:41',12),(810,'4e86097b-64ea-40dd-96e1-292aa74793e1','28-6-2019 13:56:50',78),(811,'321dd4ca-20ae-46ce-81a0-edfe82488fa9','28-6-2019 14:04:27',12),(812,'8acb6b1a-1fbe-4d7e-97e1-8b0cb949e76a','28-6-2019 14:05:41',78),(813,'c94cc737-3515-4262-b168-55814366e313','28-6-2019 14:05:51',12),(814,'9f9ced9c-518e-4539-ab22-7a5d2aeb245c','28-6-2019 14:26:12',78),(815,'bb4b6e3d-7930-4352-8e2d-426b30131c8c','28-6-2019 14:27:02',12),(816,'ae620e8d-6cb6-4fb9-8e91-a73983aff9f7','28-6-2019 14:31:22',78),(817,'df47692f-6a01-40f7-84ec-4dadc9835541','28-6-2019 14:36:05',12),(818,'2c17dc43-0ab4-4572-9a76-a45ca06061bb','28-6-2019 14:43:14',12),(819,'96f0367d-b318-4bf8-930a-effc42280987','28-6-2019 14:44:18',78),(820,'625a5b6c-3f89-45a7-a468-d5fd229fc2c0','28-6-2019 14:44:35',162),(821,'fe60f444-07b4-4926-be93-8e4a3e70fdff','28-6-2019 14:47:24',78),(822,'004caaa8-6bc5-418f-8ead-10aba7ad294b','28-6-2019 14:47:52',162),(823,'2a87abd3-0e73-4c3c-8b17-7e55cd638893','28-6-2019 14:58:30',162),(824,'65d0fd0c-9168-4792-9e2b-4e4826b9ab22','28-6-2019 15:03:24',162),(825,'e036fad6-4894-4f7e-acd3-d71091606689','28-6-2019 15:05:00',162),(826,'4b41657b-5d1a-42e1-a204-ff14e53be8fd','28-6-2019 15:08:08',162),(827,'ecdf3b62-9752-4b55-9809-d87516eaf3a4','28-6-2019 15:10:38',12),(828,'bd443799-f38d-4bda-903c-fec3fa162253','28-6-2019 15:10:48',12),(829,'f63dc5c3-ae1e-466b-9930-20d3b4d92e2f','28-6-2019 15:11:02',12),(830,'195759b5-d2c4-4b1a-bcf9-929c927b5741','28-6-2019 15:11:15',12),(831,'f97450e0-3d4e-4f6c-8b1d-0ba9581c9690','28-6-2019 15:11:26',162),(832,'f053a388-7f4a-4a28-a772-f0e8c3214c42','28-6-2019 15:12:31',12),(833,'32d97a67-7c99-4f53-918b-8dbb219d29cb','28-6-2019 15:14:52',78),(834,'f8023f69-7599-4376-a0c9-b357ec2a05e4','28-6-2019 15:22:29',12),(835,'991582c5-8f4c-4b3a-87f1-d91f18a4049d','28-6-2019 15:23:03',78),(836,'cba78cc3-cfaf-4ec6-a06a-fce49e4c4674','01-7-2019 08:58:32',12),(837,'492cd980-df02-4609-b365-e3e55bdf42fd','01-7-2019 10:03:50',12),(838,'c3709442-d198-4baf-a3e0-1883972640cb','01-7-2019 10:04:51',78),(839,'f87d7294-31de-4f03-9bba-952c125c7b48','01-7-2019 10:10:00',12),(840,'35daa51f-52ef-40e1-92d7-a9a8dd992d2f','01-7-2019 10:10:55',78),(841,'e92b6da2-19d8-49fe-a03b-db735e81e8fc','01-7-2019 10:14:22',12),(842,'0f5bed55-76ac-4569-a286-78251a129aa7','01-7-2019 10:17:56',78),(843,'568f4ee9-461a-4750-94d9-cdc9b3ba3550','01-7-2019 10:39:28',12),(844,'40c3a290-2caa-44f5-8d86-7dc92be9a56d','01-7-2019 10:49:50',78),(845,'7ec3adeb-c7a4-4511-86d6-ca0eda975efa','01-7-2019 10:58:11',78),(846,'811eef08-3423-451d-a103-996fefb01cf8','01-7-2019 11:00:55',78),(847,'3ca897d7-c333-47c8-a48a-0bc02ceb4b35','01-7-2019 11:28:15',12),(848,'edc78f10-bf02-4dd8-9608-352a21fccd7e','01-7-2019 11:28:24',78),(849,'859b9f57-5b9b-48cf-a4f0-f2e4b33d03b3','01-7-2019 11:28:32',78),(850,'8cb41dc2-7697-42be-ad46-3d861101ce9d','01-7-2019 11:30:01',12);
/*!40000 ALTER TABLE `authentication` ENABLE KEYS */;
UNLOCK TABLES;

--
-- Table structure for table `bill`
--

DROP TABLE IF EXISTS `bill`;
/*!40101 SET @saved_cs_client     = @@character_set_client */;
/*!40101 SET character_set_client = utf8 */;
CREATE TABLE `bill` (
  `id` int(11) NOT NULL AUTO_INCREMENT,
  `created_time` date DEFAULT NULL,
  `address` varchar(120) CHARACTER SET utf8 DEFAULT NULL,
  `receiver` varchar(60) CHARACTER SET utf8 DEFAULT NULL,
  `phone_number` varchar(15) DEFAULT NULL,
  `username` varchar(30) CHARACTER SET utf8 DEFAULT NULL,
  `status` varchar(45) CHARACTER SET utf8 DEFAULT NULL,
  PRIMARY KEY (`id`),
  KEY `fk_bill_detail_user` (`username`),
  CONSTRAINT `fk_bill_detail_user` FOREIGN KEY (`username`) REFERENCES `user` (`username`)
) ENGINE=InnoDB AUTO_INCREMENT=88 DEFAULT CHARSET=latin1;
/*!40101 SET character_set_client = @saved_cs_client */;

--
-- Dumping data for table `bill`
--

LOCK TABLES `bill` WRITE;
/*!40000 ALTER TABLE `bill` DISABLE KEYS */;
/*!40000 ALTER TABLE `bill` ENABLE KEYS */;
UNLOCK TABLES;

--
-- Table structure for table `bill_product`
--

DROP TABLE IF EXISTS `bill_product`;
/*!40101 SET @saved_cs_client     = @@character_set_client */;
/*!40101 SET character_set_client = utf8 */;
CREATE TABLE `bill_product` (
  `bill_id` int(11) NOT NULL,
  `product_id` int(11) NOT NULL,
  `quantity` int(11) NOT NULL,
  PRIMARY KEY (`bill_id`,`product_id`),
  KEY `fk_product_idx` (`product_id`),
  CONSTRAINT `fk_bill` FOREIGN KEY (`bill_id`) REFERENCES `bill` (`id`) ON DELETE NO ACTION ON UPDATE NO ACTION,
  CONSTRAINT `fk_product` FOREIGN KEY (`product_id`) REFERENCES `product` (`id`) ON DELETE NO ACTION ON UPDATE NO ACTION
) ENGINE=InnoDB DEFAULT CHARSET=latin1;
/*!40101 SET character_set_client = @saved_cs_client */;

--
-- Dumping data for table `bill_product`
--

LOCK TABLES `bill_product` WRITE;
/*!40000 ALTER TABLE `bill_product` DISABLE KEYS */;
/*!40000 ALTER TABLE `bill_product` ENABLE KEYS */;
UNLOCK TABLES;

--
-- Table structure for table `cart`
--

DROP TABLE IF EXISTS `cart`;
/*!40101 SET @saved_cs_client     = @@character_set_client */;
/*!40101 SET character_set_client = utf8 */;
CREATE TABLE `cart` (
  `id` int(11) NOT NULL AUTO_INCREMENT,
  `username` varchar(30) CHARACTER SET utf8 DEFAULT NULL,
  `product_id` int(11) DEFAULT NULL,
  `status` varchar(45) DEFAULT NULL,
  `quantity` int(11) DEFAULT NULL,
  PRIMARY KEY (`id`),
  UNIQUE KEY `id_UNIQUE` (`id`),
  KEY `fk_cart_product_idx1` (`product_id`),
  KEY `fk_cart_user` (`username`),
  CONSTRAINT `fk_cart_product` FOREIGN KEY (`product_id`) REFERENCES `product` (`id`) ON DELETE NO ACTION ON UPDATE NO ACTION,
  CONSTRAINT `fk_cart_user` FOREIGN KEY (`username`) REFERENCES `user` (`username`)
) ENGINE=InnoDB AUTO_INCREMENT=27 DEFAULT CHARSET=latin1;
/*!40101 SET character_set_client = @saved_cs_client */;

--
-- Dumping data for table `cart`
--

LOCK TABLES `cart` WRITE;
/*!40000 ALTER TABLE `cart` DISABLE KEYS */;
INSERT INTO `cart` VALUES (1,'ngocxinhgai',89,'disable',0),(4,'ngocxinhgai',92,'disable',0),(5,'ngocxinhgai',87,'disable',0),(6,'ngocxinhgai',88,'disable',0),(7,'ngocxinhgai',86,'disable',0),(8,'ngocxinhgai',84,'disable',0),(9,'ngochn2k',89,'enable',1),(10,'ngocxinhgai',83,'disable',0),(11,'ngocxinhgai',79,'disable',0),(12,'vunv',90,'disable',0),(13,'vunv',84,'disable',0),(14,'vunv',83,'disable',0),(15,'vunv',89,'disable',0),(16,'vunv',86,'disable',0),(17,'vunv',87,'disable',0),(18,'vunv',88,'disable',0),(19,'vunv',85,'disable',0),(20,'vunv',82,'disable',0),(21,'vunv',80,'disable',0),(22,'vunv',79,'disable',0),(23,'admin',88,'disable',0),(24,'admin',89,'disable',0),(25,'ngocxinhgai',82,'disable',0),(26,'ngocxinhgai',90,'disable',0);
/*!40000 ALTER TABLE `cart` ENABLE KEYS */;
UNLOCK TABLES;

--
-- Table structure for table `product`
--

DROP TABLE IF EXISTS `product`;
/*!40101 SET @saved_cs_client     = @@character_set_client */;
/*!40101 SET character_set_client = utf8 */;
CREATE TABLE `product` (
  `id` int(11) NOT NULL AUTO_INCREMENT,
  `name` varchar(50) CHARACTER SET utf8 DEFAULT NULL,
  `price` double DEFAULT NULL,
  `image` varchar(100) CHARACTER SET utf8 DEFAULT NULL,
  `cpu` varchar(50) CHARACTER SET utf8 DEFAULT NULL,
  `screen` varchar(50) CHARACTER SET utf8 DEFAULT NULL,
  `pin` varchar(50) CHARACTER SET utf8 DEFAULT NULL,
  `memory` varchar(20) CHARACTER SET utf8 DEFAULT NULL,
  `dateCreated` varchar(50) CHARACTER SET utf8 DEFAULT NULL,
  `describle` longtext CHARACTER SET utf8mb4 COLLATE utf8mb4_unicode_ci,
  `active` varchar(20) CHARACTER SET utf8 DEFAULT NULL,
  `brand` varchar(50) CHARACTER SET utf8 DEFAULT NULL,
  PRIMARY KEY (`id`)
) ENGINE=InnoDB AUTO_INCREMENT=93 DEFAULT CHARSET=latin1;
/*!40101 SET character_set_client = @saved_cs_client */;

--
-- Dumping data for table `product`
--

LOCK TABLES `product` WRITE;
/*!40000 ALTER TABLE `product` DISABLE KEYS */;
INSERT INTO `product` VALUES (79,'K20 Pro',8500000,'k20.jpg','8 nhn','1920x1080','4000mah','128gb','17-6-2019 13:36:33','c mnh danh l flaship killer','enable','Xiaomi'),(80,'iPhone XS Max',28600000,'iphone-xs-max.jpg','Apple A12 Bionic 6 nhn','OLED, 6.5\", Super Retina','3174 mAh, c sc nhanh','256gb','17-6-2019 13:41:22','c im ni bt ca iPhone Xs Max 256GB\n\nTm hiu thm\nB sn phm chun: Hp, Sc, Tai nghe, Sch hng dn, Cp, Cy ly sim\n\nSau 1 nm mong ch, chic smartphone cao cp nht ca Apple  chnh thc ra mt mang tn iPhone Xs Max. My cc trang b cc tnh nng cao cp nht t chip A12 Bionic, dn loa a chiu cho ti camera kp tch hp tr tu nhn to.','enable','Apple'),(81,'Samsung Galaxy S10+',21490000,'s10.png','Exynos 9820 8 nhn 64-bit','Dynamic AMOLED, 6.4\", Quad HD+ (2K+)','4100 mAh, c sc nhanh','128 GB','17-6-2019 13:45:30','Samsung Galaxy S10+ l mt trong nhng chic smartphone c trng ch nhiu nht trong nm 2019 v khng ph s k vng ca mi ngi th chic Galaxy S th 10 ca Samsung thc s gy n tng mnh cho ngi dng.','enable','SamSung'),(82,'Xiaomi Redmi Note 7',2700000,'xiaomi-redmi-note-7.png','Qualcomm Snapdragon 660 8 nhn','IPS LCD, 6.3\", Full HD+','4000 mAh, c sc nhanh','64 GB','17-6-2019 13:49:16','Xiaomi Redmi Note 7 l chic smartphone gi r mi c gii thiu vo u nm 2019 vi nhiu trang b ng gi nh thit k notch git nc hay camera ln ti 48 MP.','enable','Xiaomi'),(83,'OPPO F11',7290000,'oppo.png','MediaTek Helio P70 8 nhn','LTPS LCD, 6.5\", Full HD+','4020 mAh, c sc nhanh','64 GB','17-6-2019 13:51:30','OPPO F11 gy n tng vi ngi dng bi thit k mn hnh trn vin hnh git nc v camera sau khng n 48 MP.','enable','Oppo'),(84,'Xiaomi Redmi 7',2900000,'xiaomi-redmi-7.png','Qualcomm Snapdragon 632 8 nhn 64-bit','IPS LCD, 6.26\", HD+','4000 mAh','64 GB','17-6-2019 13:53:29','Xiaomi Redmi 7 16GB  gy c ch  cho ngi dng khi ra mt vi mt cu hnh khng nhng li s hu mt mc gi \"kh tin\".','enable','Xiaomi'),(85,'Samsung Galaxy A50 64GB',6900000,'samsung-galaxy-a50.png','Qualcomm Snapdragon 632 8 nhn 64-bit','IPS LCD, 6.26\", HD+','4000 mAh','64 GB','17-6-2019 13:54:58','Samsung Galaxy A50 l chic smartphone tm trung mi ca Samsung trong nm 2019 vi nhiu tnh nng hp dn, c bit l c c cm bin vn tay di mn hnh.','enable','SamSung'),(86,'Huawei P30 Pro',22500000,'huawei-p30-pro-1-400x460.png','Qualcomm Snapdragon 632 8 nhn 64-bit','IPS LCD, 6.26\", HD+','4000 mAh','64 GB','17-6-2019 13:56:20','Samsung Galaxy A50 l chic smartphone tm trung mi ca Samsung trong nm 2019 vi nhiu tnh nng hp dn, c bit l c c cm bin vn tay di mn hnh.','enable','Huawei'),(87,'Huawei Y7 Pro ',1500000,'huawei-y7-pro-2019-400x460.png','8 nhn','1920x1080','4000mah','64 GB','17-6-2019 13:57:51','Hon ton lt xc so vi phin bn tin nhim, Y7 Pro (2019)  gip Huawei c thm im cng trong mt ngi dng nh vic em thit k mt lng gradient, mn hnh git nc v pin khng ln chic smartphone gi r ca mnh','enable','Huawei'),(88,'iPhone 7 Plus 32GB',12000000,'iphone-7-plus-gold-400x460.png','8 nhn','1920x1080','4000mah','64 GB','17-6-2019 13:58:55','Chic in thoi s hu camera kp u tin ca Apple\niPhone 7 Plus l chic iPhone u tin c trang b camera kp c cng  phn gii 12 MP, em li kh nng chp nh  hai tiu c khc nhau.','enable','Apple'),(89,'iPhone 8 Plus 256GB',25000000,'iphone-8-plus-256gb-gold-400x460.png','8 nhn','1920x1080','4000mah','64 GB','17-6-2019 14:00:01','Chic in thoi s hu camera kp u tin ca Apple\niPhone 8 Plus l chic iPhone u tin c trang b camera kp c cng  phn gii 12 MP, em li kh nng chp nh  hai tiu c khc nhau.','enable','Apple'),(90,'K20',6400000,'iphone-8-plus-256gb-gold-400x460.png','8 nhn','1920x1080','4000mah','64 GB','17-6-2019 14:01:16','Xiaomi Redmi K20 l chic smartphone va c gii thiu gy rt nhiu ch  vi ngi dng bi n hi t  3 yu t \"ngon b r\"','enable','Xiaomi'),(92,'K20 Pro',7555555,'iphone-xs-max.jpg','8 nhn','1920x1080','4000mah','64 GB','17-6-2019 14:29:47','xn x','enable','Xiaomi');
/*!40000 ALTER TABLE `product` ENABLE KEYS */;
UNLOCK TABLES;

--
-- Table structure for table `user`
--

DROP TABLE IF EXISTS `user`;
/*!40101 SET @saved_cs_client     = @@character_set_client */;
/*!40101 SET character_set_client = utf8 */;
CREATE TABLE `user` (
  `id` int(11) NOT NULL AUTO_INCREMENT,
  `username` varchar(30) CHARACTER SET utf8 NOT NULL,
  `password` varchar(100) CHARACTER SET utf8 NOT NULL,
  `first_name` varchar(30) CHARACTER SET utf8 DEFAULT NULL,
  `last_name` varchar(30) CHARACTER SET utf8 DEFAULT NULL,
  `role` int(11) DEFAULT NULL,
  `address` varchar(50) CHARACTER SET utf8 DEFAULT NULL,
  `active` varchar(45) DEFAULT NULL,
  PRIMARY KEY (`id`,`username`),
  UNIQUE KEY `username_UNIQUE` (`username`)
) ENGINE=InnoDB AUTO_INCREMENT=164 DEFAULT CHARSET=latin1;
/*!40101 SET character_set_client = @saved_cs_client */;

--
-- Dumping data for table `user`
--

LOCK TABLES `user` WRITE;
/*!40000 ALTER TABLE `user` DISABLE KEYS */;
INSERT INTO `user` VALUES (12,'admin','e10adc3949ba59abbe56e057f20f883e','admin','manager',1,'hanoi','enable'),(73,'ngoctb2000','25d55ad283aa400af464c76d713c07ad','ngocthienokebabyxinxovaichuong','ngocthienokebabyxinxovaichuong',0,'ds','enable'),(78,'vunv','f970e2767d0cfe75876ea857f92e319b','asdsa','adsads',0,'adssad','enable'),(79,'wqqe','a490efa63d1b3d748689134775ebd94e','nguyenvu','wqe',0,'qwe','disable'),(80,'vunvvv','9cbe9648489f5179555dd1e231476bde','asdsa','asdas',0,'sadas','disable'),(81,'aaaaaaaaaaa','bd523196c81ea7b7ad1ed1ea100d597a','ha tran','asd',0,'asdsa','disable'),(82,'nguyenvu','f970e2767d0cfe75876ea857f92e319b','as','as',0,'as','disable'),(83,'tranha','f970e2767d0cfe75876ea857f92e319b','aaaaaaaaaaa','aaaaa',0,'asa','disable'),(84,'hoang','4d18db80e353e526ad6d42a62aaa29be','vvv','vv',0,'vvv','disable'),(85,'hoangnguyen','49f0bad299687c62334182178bfd75d8','vv','vv',0,'vv','disable'),(86,'nguyen van vu','0aa1ea9a5a04b78d4581dd6d17742627','ttttttttt','tttt',0,'tttt','disable'),(87,'sads','a4608b9ec930833c5015dcb9176a29f5','asdasd','sadas',0,'asdas','disable'),(88,'aaaaaaaaa','718b6dd54c8d1d3ad19eb99cb12f13e2','sadsadsa','sdadsa',0,'sadsa','disable'),(89,'sadsa','38c55423e123aca445982dfd897a552d','sadasd','asdas',0,'dasdsad','disable'),(90,'bbbbbbbbb','e6e6d9d02f7e81ff61cdd8c326e13082','bbbb','bbb',0,'bbbb','disable'),(91,'fdsdasd','b5b037a78522671b89a2c1b21d9b80c6','','aaaa',0,'aaa','disable'),(92,'vuuuuuuuuuuuuuuuuuuuuuuuuu','deaedcf7f93220ea820b271df39eb516','aaasas','asas',0,'asasas','disable'),(93,'admindsad','7815696ecbf1c96e6894b779456d330e','aaaaaa','aa',0,'aa','disable'),(94,'asdas','b0f0545856af1a340acdedce23c54b97','dasdas','dsadasdasdas',0,'dasdasdas','disable'),(95,'sadasasd','58cadbfabd8dc8257f6130223de67d14','asd','ddd',0,'dd','disable'),(96,'adminsd','d41d8cd98f00b204e9800998ecf8427e','','',0,'','disable'),(97,'ddd','77963b7a931377ad4ab5ad6a9cd718aa','dd','dd',0,'dd','disable'),(98,'aaa','e10adc3949ba59abbe56e057f20f883e','sdasdsad','dsadsadas',0,'dsadasdsa','disable'),(99,'nguyenvu123','47bce5c74f589f4867dbd57e9ca9f808','nguyen','vu',0,'ha noi','disable'),(100,'tinhte','f970e2767d0cfe75876ea857f92e319b','as','asa',0,'as','disable'),(101,'nguyemnvu','600d475fa96e30530b548c9cfbb85187','aaaa','aaa',0,'aa','disable'),(102,'aasdasd','d148b397af8e9842e2b746ed49e4128d','ddddddd','ddddd',0,'dd','disable'),(103,'dasdsad','7e3f40511b178afb7f9e2c1a7a9e55af','sadsad','asdasd',0,'sadas','disable'),(104,'hatran','f970e2767d0cfe75876ea857f92e319b','as','as',0,'assa','disable'),(105,'sadasda','4d18db80e353e526ad6d42a62aaa29be','sadas','sads',0,'sadsadsa','disable'),(106,'nguyehnvu','523af537946b79c4f8369ed39ba78605','aaaaaaaaaaaaaaaa','ad',0,'as','disable'),(107,'Thien','c12e01f2a13ff5587e1e9e4aedb8242d','thien','thien nd',0,'nam dinh','disable'),(108,'vinh','f970e2767d0cfe75876ea857f92e319b','as','as',0,'as','disable'),(109,'tran','f970e2767d0cfe75876ea857f92e319b','nguyenvu','nuyenn',0,'hn','disable'),(110,'hn','f970e2767d0cfe75876ea857f92e319b','aaaa','aa',0,'aa','disable'),(111,'uh','f970e2767d0cfe75876ea857f92e319b','as','as',0,'as','disable'),(112,'khang','f970e2767d0cfe75876ea857f92e319b','khang','dm',0,'hn','disable'),(113,'vunvds','f970e2767d0cfe75876ea857f92e319b','ds','ds',0,'dfs','disable'),(114,'sasasavunv','f970e2767d0cfe75876ea857f92e319b','qeq','qwe`',0,'asd','disable'),(115,'nguyenvud','f970e2767d0cfe75876ea857f92e319b','as','as',0,'as','disable'),(116,'thuyeen','7dce122004969d56ae2e0245cb754d35','iiiiiiiiiiiiiiiii','iiiii',0,'iiiiiiiii','disable'),(117,'as','196b0f14eba66e10fba74dbf9e99c22f','ppppppppppp','pppp',0,'pp','disable'),(118,'asass','f970e2767d0cfe75876ea857f92e319b','as','as',0,'dfdq','disable'),(119,'skajdsa','d8761bf86c6562addb873d46afda611f','asdsa;','saldk',0,'sadk;sa','disable'),(120,'asdsa','7c8f873e9bd500daaf0fe42bcb3c6c4e','asd','sdad',0,'ads','disable'),(121,'adminsadd','e10adc3949ba59abbe56e057f20f883e','SAD','ASDS',0,'ADS','disable'),(122,'ha','f970e2767d0cfe75876ea857f92e319b','as','as',0,'as','disable'),(123,'dsad','d78c03d72e72b44a131d255aec3c8a11','sdfs','sdf',0,'sdfsd','disable'),(124,'sdsfadmin','a7f1bbc90496ca91cfd4c4fd6a33d161','sdf','sssssssssssssssssssss',0,'sdf','disable'),(125,'asdsad','6aec9de180a865d99a71f02db907b0c8','sdasd','adsadas',0,'dasdas','disable'),(126,'adsdsa','7e3f40511b178afb7f9e2c1a7a9e55af','sadsa','sad',0,'sadas','disable'),(127,'dsadsa','7e3f40511b178afb7f9e2c1a7a9e55af','sad','sadsa',0,'asdas','disable'),(128,'admindsdasdas','e10adc3949ba59abbe56e057f20f883e','dsdsa','dsadas',0,'ddasdas',NULL),(129,'admindsdsadsa','e10adc3949ba59abbe56e057f20f883e','dsadsa','dsadsad',0,'dsadasd','disable'),(130,'admindsdsadsadas','8d8d25d0904a5a895f3f88363f2213eb','sdsad','dsadsa',0,'11111','disable'),(131,'dsadsad','9e632d61c5951ff5f67531a15a1bfbf2','dsadsada','dsadsad',0,'dsadasdas','disable'),(132,'dsadsadsaa','9e632d61c5951ff5f67531a15a1bfbf2','dsadsada','dsadsad',0,'dsadasdas','disable'),(133,'dsadsadsaadsadas','9e632d61c5951ff5f67531a15a1bfbf2','dsadsada','dsadsad',0,'dsadasdas','disable'),(134,'adminewqewqewqewqe','e10adc3949ba59abbe56e057f20f883e','ewqewqe','qewqeqwe',0,'ewqewq','disable'),(135,'adminewqewqewqewqedsadsadas','7c1cadb6887373dacb595c47166bfbd9','dsadsad','dadsadasd',0,'dsadasd','disable'),(136,'dsdsdwee','e10adc3949ba59abbe56e057f20f883e','dasdsad','adsad',0,'sadsada','disable'),(137,'admindf','e10adc3949ba59abbe56e057f20f883e','dfsd','dsfd',0,'dsfds','disable'),(138,'sdfdsfdf','0fbe1ddfbc52dffd9e79649d4e3c0b29','sdfsd','dsfds',0,'dsfds','disable'),(139,'adminsadsadas','e10adc3949ba59abbe56e057f20f883e','dsadasda','dsadsada',0,'dsadasdsad','disable'),(140,'adminadsddsad','e10adc3949ba59abbe56e057f20f883e','dsadsad','dsadsadas',0,'dasdsad','disable'),(141,'ddsadsadsad','e10adc3949ba59abbe56e057f20f883e','sadsadsadsad','sadsadsa',0,'dsadsadasda','disable'),(142,'ddsadsadsaddsadsada','c4a79c7c671758bcecf8e852b5e4e6bb','dsadasdsadas','dsadasdasdas',0,'dsadasdas','disable'),(143,'sdvdas','c4a79c7c671758bcecf8e852b5e4e6bb','dsadasd','dasdsada',0,'dsadsadas','enable'),(144,'sdvdasssss','c4a79c7c671758bcecf8e852b5e4e6bb','dsadsada','dsadad',0,'dsadsa','disable'),(145,'dsdasdcsas','c4a79c7c671758bcecf8e852b5e4e6bb','dasdsadsa','dsadsad',0,'adsda','disable'),(146,'admin222','e10adc3949ba59abbe56e057f20f883e','sasas','sasasa',0,'sasa','disable'),(147,'admin23232','e10adc3949ba59abbe56e057f20f883e','saaSASA','SASAS',0,'SASAS','disable'),(148,'admindsdas','e10adc3949ba59abbe56e057f20f883e','DSADASD','ddsadasd',0,'dsadsada','disable'),(149,'admindsdas25','e10adc3949ba59abbe56e057f20f883e','dsadsa','d',0,'sd','disable'),(150,'admindsdasdsadsa','110b538031745f44b2362d28a66efe0b','dsadasdas','dsadsadas',0,'dsadasda','disable'),(151,'admindsdasdsadsadsds','62826a3c47beb76ab6aad13c8c7fe2b4','sdad','sdasd',0,'asdsa','disable'),(152,'123456','521f19ecae247059842292da3b6cd58a','dsada','dsadas',0,'dada','disable'),(153,'admindsdasdsadsadsds2222','62826a3c47beb76ab6aad13c8c7fe2b4','dsda','dsadas',0,'dsadsa','disable'),(154,'123444','62826a3c47beb76ab6aad13c8c7fe2b4','ssa','sa',0,'a','disable'),(155,'admindsdq11asdsadsadsds','62826a3c47beb76ab6aad13c8c7fe2b4','dsada','dsada',0,'dasda','disable'),(156,'adminj','62826a3c47beb76ab6aad13c8c7fe2b4','a','aa',0,'aa','disable'),(157,'23245555','5fa9c49e229bf3391be5e48d79b7e384','dsadasd','dasdas',0,'dasda','disable'),(158,'ew','62bb043fa513381955bbef8c22973e95','dsadas','dadsa',0,'dsa','disable'),(159,'dsda','aced3598a34a561715dacfe32a328c1c','adsad','adasda',0,'dada','disable'),(160,'adminsssss','ca12c6b0807e375ecd50effbd3a9653f','asas','sasa',0,'sasa','disable'),(161,'sasasas','e10adc3949ba59abbe56e057f20f883e','asasA','SASAS',0,'SSS','disable'),(162,'ngocxinhgai','e10adc3949ba59abbe56e057f20f883e','ngoc','thien',0,'ngoc123','enable'),(163,'ngochn2k','e10adc3949ba59abbe56e057f20f883e','pham','ngoc',0,'ha noi','disable');
/*!40000 ALTER TABLE `user` ENABLE KEYS */;
UNLOCK TABLES;
/*!40103 SET TIME_ZONE=@OLD_TIME_ZONE */;

/*!40101 SET SQL_MODE=@OLD_SQL_MODE */;
/*!40014 SET FOREIGN_KEY_CHECKS=@OLD_FOREIGN_KEY_CHECKS */;
/*!40014 SET UNIQUE_CHECKS=@OLD_UNIQUE_CHECKS */;
/*!40101 SET CHARACTER_SET_CLIENT=@OLD_CHARACTER_SET_CLIENT */;
/*!40101 SET CHARACTER_SET_RESULTS=@OLD_CHARACTER_SET_RESULTS */;
/*!40101 SET COLLATION_CONNECTION=@OLD_COLLATION_CONNECTION */;
/*!40111 SET SQL_NOTES=@OLD_SQL_NOTES */;

-- Dump completed on 2019-07-01 11:31:51
